"","lat","lon","year","month","day","monthDay","temp_2","temp_100","lat_lon"
"1",38.1667,-123.4833,2011,4,1,4.1,11.5896835327148,8.6516780853271,"38.1667_-123.4833"
"2",38.1667,-123.4833,2011,4,2,4.2,11.7620897293091,8.63488101959225,"38.1667_-123.4833"
"3",38.1667,-123.4833,2011,4,3,4.3,11.371392250061,8.39523983001704,"38.1667_-123.4833"
"4",38.1667,-123.4833,2011,4,4,4.4,10.4965744018554,7.87641382217402,"38.1667_-123.4833"
"5",38.1667,-123.4833,2011,4,5,4.5,10.457799911499,8.06432247161862,"38.1667_-123.4833"
"6",38.1667,-123.4833,2011,4,6,4.6,10.5871467590332,8.12145233154294,"38.1667_-123.4833"
"7",38.1667,-123.4833,2011,4,7,4.7,10.483657836914,8.63105106353755,"38.1667_-123.4833"
"8",38.1667,-123.4833,2011,4,8,4.8,9.54950141906734,8.67557525634762,"38.1667_-123.4833"
"9",38.1667,-123.4833,2011,4,9,4.9,9.34294223785397,8.46678543090816,"38.1667_-123.4833"
"10",38.1667,-123.4833,2011,4,10,4.1,9.26153850555415,8.31412887573237,"38.1667_-123.4833"
"11",38.1667,-123.4833,2011,4,11,4.11,9.58062458038326,8.26607608795162,"38.1667_-123.4833"
"12",38.1667,-123.4833,2011,4,12,4.12,9.98005104064936,8.39100646972652,"38.1667_-123.4833"
"13",38.1667,-123.4833,2011,4,13,4.13,9.85986328124994,8.4009628295898,"38.1667_-123.4833"
"14",38.1667,-123.4833,2011,4,14,4.14,10.1172227859497,8.40477943420407,"38.1667_-123.4833"
"15",38.1667,-123.4833,2011,4,15,4.15,9.98335170745845,8.45901775360103,"38.1667_-123.4833"
"16",38.1667,-123.4833,2011,4,16,4.16,9.45074462890621,8.41655731201169,"38.1667_-123.4833"
"17",38.1667,-123.4833,2011,4,17,4.17,9.93700695037837,8.318076133728,"38.1667_-123.4833"
"18",38.1667,-123.4833,2011,4,18,4.18,10.4110298156738,8.36362648010249,"38.1667_-123.4833"
"19",38.1667,-123.4833,2011,4,19,4.19,10.6894521713256,8.42973709106442,"38.1667_-123.4833"
"20",38.1667,-123.4833,2011,4,20,4.2,11.1787738800048,8.30679607391352,"38.1667_-123.4833"
"21",38.1667,-123.4833,2011,4,21,4.21,11.6373720169067,8.3461771011352,"38.1667_-123.4833"
"22",38.1667,-123.4833,2011,4,22,4.22,11.478229522705,9.25961875915524,"38.1667_-123.4833"
"23",38.1667,-123.4833,2011,4,23,4.23,11.4504232406616,9.55325222015375,"38.1667_-123.4833"
"24",38.1667,-123.4833,2011,4,24,4.24,9.95887374877924,10.2162790298462,"38.1667_-123.4833"
"25",38.1667,-123.4833,2011,4,25,4.25,10.186297416687,10.4314355850219,"38.1667_-123.4833"
"26",38.1667,-123.4833,2011,4,26,4.26,10.8528852462768,10.6256885528564,"38.1667_-123.4833"
"27",38.1667,-123.4833,2011,4,27,4.27,10.8267116546631,10.4128370285034,"38.1667_-123.4833"
"28",38.1667,-123.4833,2011,4,28,4.28,10.2981147766113,10.9945173263549,"38.1667_-123.4833"
"29",38.1667,-123.4833,2011,4,29,4.29,10.3168067932128,10.6015825271606,"38.1667_-123.4833"
"30",38.1667,-123.4833,2011,4,30,4.3,10.5594081878662,10.4441385269165,"38.1667_-123.4833"
"31",38.1667,-123.4833,2011,5,1,5.1,10.6732864379882,10.3459682464599,"38.1667_-123.4833"
"32",38.1667,-123.4833,2011,5,2,5.2,10.4851121902465,10.2339525222778,"38.1667_-123.4833"
"33",38.1667,-123.4833,2011,5,3,5.3,9.84471321105954,9.94286632537836,"38.1667_-123.4833"
"34",38.1667,-123.4833,2011,5,4,5.4,9.54431629180903,8.71930027008053,"38.1667_-123.4833"
"35",38.1667,-123.4833,2011,5,5,5.5,9.62182331085201,8.38720798492428,"38.1667_-123.4833"
"36",38.1667,-123.4833,2011,5,6,5.6,10.1538572311401,8.17961597442623,"38.1667_-123.4833"
"37",38.1667,-123.4833,2011,5,7,5.7,10.0543346405029,8.42550659179684,"38.1667_-123.4833"
"38",38.1667,-123.4833,2011,5,8,5.8,10.2230176925659,8.80089855194086,"38.1667_-123.4833"
"39",38.1667,-123.4833,2011,5,9,5.9,10.3364162445068,9.0118379592895,"38.1667_-123.4833"
"40",38.1667,-123.4833,2011,5,10,5.1,10.7917690277099,9.17469787597652,"38.1667_-123.4833"
"41",38.1667,-123.4833,2011,5,11,5.11,10.2063522338867,9.06928253173823,"38.1667_-123.4833"
"42",38.1667,-123.4833,2011,5,12,5.12,9.95728492736813,9.14500999450679,"38.1667_-123.4833"
"43",38.1667,-123.4833,2011,5,13,5.13,10.2043485641479,9.1623497009277,"38.1667_-123.4833"
"44",38.1667,-123.4833,2011,5,14,5.14,10.54514503479,9.17302036285397,"38.1667_-123.4833"
"45",38.1667,-123.4833,2011,5,15,5.15,10.4782428741455,9.07471656799313,"38.1667_-123.4833"
"46",38.1667,-123.4833,2011,5,16,5.16,10.3420763015747,8.96652221679684,"38.1667_-123.4833"
"47",38.1667,-123.4833,2011,5,17,5.17,10.8014888763427,9.06575775146479,"38.1667_-123.4833"
"48",38.1667,-123.4833,2011,5,18,5.18,10.0572309494018,9.03381538391108,"38.1667_-123.4833"
"49",38.1667,-123.4833,2011,5,19,5.19,10.1678075790405,8.83137130737301,"38.1667_-123.4833"
"50",38.1667,-123.4833,2011,5,20,5.2,9.75239944458003,8.56056213378903,"38.1667_-123.4833"
"51",38.1667,-123.4833,2011,5,21,5.21,9.60947036743161,8.68005275726315,"38.1667_-123.4833"
"52",38.1667,-123.4833,2011,5,22,5.22,10.5206480026245,8.28587341308589,"38.1667_-123.4833"
"53",38.1667,-123.4833,2011,5,23,5.23,10.0187273025512,8.55386066436763,"38.1667_-123.4833"
"54",38.1667,-123.4833,2011,5,24,5.24,9.95106506347652,8.81616210937494,"38.1667_-123.4833"
"55",38.1667,-123.4833,2011,5,25,5.25,10.3284950256347,8.74215412139888,"38.1667_-123.4833"
"56",38.1667,-123.4833,2011,5,26,5.26,9.56403923034663,8.92399024963374,"38.1667_-123.4833"
"57",38.1667,-123.4833,2011,5,27,5.27,10.7054643630981,9.01635074615475,"38.1667_-123.4833"
"58",38.1667,-123.4833,2011,5,28,5.28,10.6976461410522,8.90379238128658,"38.1667_-123.4833"
"59",38.1667,-123.4833,2011,5,29,5.29,9.93292903900141,9.03198337554926,"38.1667_-123.4833"
"60",38.1667,-123.4833,2011,5,30,5.3,9.73903751373285,8.93197536468503,"38.1667_-123.4833"
"61",38.1667,-123.4833,2011,5,31,5.31,10.0442247390747,8.91863441467279,"38.1667_-123.4833"
"62",38.1667,-123.4833,2011,6,1,6.1,10.6844511032104,8.93355560302729,"38.1667_-123.4833"
"63",38.1667,-123.4833,2011,6,2,6.2,10.9092168807983,8.8190412521362,"38.1667_-123.4833"
"64",38.1667,-123.4833,2011,6,3,6.3,9.87599563598628,8.29119491577144,"38.1667_-123.4833"
"65",38.1667,-123.4833,2011,6,4,6.4,10.194935798645,8.19863033294673,"38.1667_-123.4833"
"66",38.1667,-123.4833,2011,6,5,6.5,11.0036010742187,8.38483428955072,"38.1667_-123.4833"
"67",38.1667,-123.4833,2011,6,6,6.6,12.427770614624,8.725471496582,"38.1667_-123.4833"
"68",38.1667,-123.4833,2011,6,7,6.7,12.5136280059814,9.17054557800289,"38.1667_-123.4833"
"69",38.1667,-123.4833,2011,6,8,6.8,12.368311882019,9.29448986053463,"38.1667_-123.4833"
"70",38.1667,-123.4833,2011,6,9,6.9,12.5878496170044,9.32497787475581,"38.1667_-123.4833"
"71",38.1667,-123.4833,2011,6,10,6.1,12.6760425567626,8.77235221862789,"38.1667_-123.4833"
"72",38.1667,-123.4833,2011,6,11,6.11,11.0538349151611,9.42284393310542,"38.1667_-123.4833"
"73",38.1667,-123.4833,2011,6,12,6.12,10.8911523818969,9.48909950256343,"38.1667_-123.4833"
"74",38.1667,-123.4833,2011,6,13,6.13,11.3607635498046,9.47062206268305,"38.1667_-123.4833"
"75",38.1667,-123.4833,2011,6,14,6.14,11.8897542953491,9.21431255340571,"38.1667_-123.4833"
"76",38.1667,-123.4833,2011,6,15,6.15,9.91968727111811,8.83991909027094,"38.1667_-123.4833"
"77",38.1667,-123.4833,2011,6,16,6.16,9.86920452117914,8.79376220703121,"38.1667_-123.4833"
"78",38.1667,-123.4833,2011,6,17,6.17,9.80826282501217,8.8077945709228,"38.1667_-123.4833"
"79",38.1667,-123.4833,2011,6,18,6.18,9.76033496856685,8.81707191467282,"38.1667_-123.4833"
"80",38.1667,-123.4833,2011,6,19,6.19,9.39119911193842,8.83997249603267,"38.1667_-123.4833"
"81",38.1667,-123.4833,2011,6,20,6.2,9.35720539093012,8.83519649505612,"38.1667_-123.4833"
"82",38.1667,-123.4833,2011,6,21,6.21,9.41433715820308,8.89909934997553,"38.1667_-123.4833"
"83",38.1667,-123.4833,2011,6,22,6.22,10.1141891479492,9.03627300262447,"38.1667_-123.4833"
"84",38.1667,-123.4833,2011,6,23,6.23,10.4901914596557,9.33827114105219,"38.1667_-123.4833"
"85",38.1667,-123.4833,2011,6,24,6.24,10.448049545288,9.22995567321774,"38.1667_-123.4833"
"86",38.1667,-123.4833,2011,6,25,6.25,10.521201133728,9.23328590393061,"38.1667_-123.4833"
"87",38.1667,-123.4833,2011,6,26,6.26,10.4467611312866,9.24825572967526,"38.1667_-123.4833"
"88",38.1667,-123.4833,2011,6,27,6.27,10.3663444519043,9.43008232116695,"38.1667_-123.4833"
"89",38.1667,-123.4833,2011,6,28,6.28,10.3505172729492,9.46075534820551,"38.1667_-123.4833"
"90",38.1667,-123.4833,2011,6,29,6.29,10.6188631057739,9.42051506042475,"38.1667_-123.4833"
"91",38.1667,-123.4833,2011,6,30,6.3,11.0694770812988,9.28560256958005,"38.1667_-123.4833"
"92",38.1667,-123.4833,2011,7,1,7.1,11.1979351043701,9.03745269775385,"38.1667_-123.4833"
"93",38.1667,-123.4833,2011,7,2,7.2,10.7683143615722,8.73016357421872,"38.1667_-123.4833"
"94",38.1667,-123.4833,2011,7,3,7.3,10.4363555908203,8.55831146240231,"38.1667_-123.4833"
"95",38.1667,-123.4833,2011,7,10,7.1,10.3104228973388,9.17727661132807,"38.1667_-123.4833"
"96",38.1667,-123.4833,2011,7,11,7.11,10.4906091690063,8.86670017242428,"38.1667_-123.4833"
"97",38.1667,-123.4833,2011,7,12,7.12,10.6997365951538,8.99315452575678,"38.1667_-123.4833"
"98",38.1667,-123.4833,2011,7,13,7.13,10.5522565841674,10.1338481903076,"38.1667_-123.4833"
"99",38.1667,-123.4833,2011,7,14,7.14,11.3086252212524,10.0963726043701,"38.1667_-123.4833"
"100",38.1667,-123.4833,2011,7,15,7.15,10.9308519363403,9.67849731445309,"38.1667_-123.4833"
"101",38.1667,-123.4833,2011,7,16,7.16,11.2429733276367,8.78478622436518,"38.1667_-123.4833"
"102",38.1667,-123.4833,2011,7,17,7.17,11.7094678878784,8.21038341522211,"38.1667_-123.4833"
"103",38.1667,-123.4833,2011,7,18,7.18,11.5957632064819,8.06340789794916,"38.1667_-123.4833"
"104",38.1667,-123.4833,2011,7,19,7.19,11.8286714553832,8.0107221603393,"38.1667_-123.4833"
"105",38.1667,-123.4833,2011,7,20,7.2,12.0029106140136,8.09155368804928,"38.1667_-123.4833"
"106",38.1667,-123.4833,2011,7,21,7.21,11.429310798645,7.97947120666499,"38.1667_-123.4833"
"107",38.1667,-123.4833,2011,7,22,7.22,11.2602596282959,8.29587078094477,"38.1667_-123.4833"
"108",38.1667,-123.4833,2011,7,23,7.23,11.8048334121704,8.23163318634029,"38.1667_-123.4833"
"109",38.1667,-123.4833,2011,7,24,7.24,12.949270248413,8.20861434936518,"38.1667_-123.4833"
"110",38.1667,-123.4833,2011,7,25,7.25,12.2565860748291,8.41380596160885,"38.1667_-123.4833"
"111",38.1667,-123.4833,2011,7,26,7.26,11.0630493164062,8.36355876922602,"38.1667_-123.4833"
"112",38.1667,-123.4833,2011,7,27,7.27,10.911545753479,8.39478588104242,"38.1667_-123.4833"
"113",38.1667,-123.4833,2011,7,28,7.28,11.3660678863525,8.84930419921871,"38.1667_-123.4833"
"114",38.1667,-123.4833,2011,7,29,7.29,10.3711681365966,8.46254634857173,"38.1667_-123.4833"
"115",38.1667,-123.4833,2011,7,30,7.3,10.8388547897338,8.53499603271479,"38.1667_-123.4833"
"116",38.1667,-123.4833,2011,7,31,7.31,11.6406240463256,8.58550834655757,"38.1667_-123.4833"
"117",38.1667,-123.4833,2012,4,1,4.1,10.399245262146,7.87494182586667,"38.1667_-123.4833"
"118",38.1667,-123.4833,2012,4,2,4.2,10.3010911941528,7.58774948120112,"38.1667_-123.4833"
"119",38.1667,-123.4833,2012,4,3,4.3,10.1773061752319,7.57512950897213,"38.1667_-123.4833"
"120",38.1667,-123.4833,2012,4,4,4.4,10.4022054672241,7.63538026809689,"38.1667_-123.4833"
"121",38.1667,-123.4833,2012,4,5,4.5,10.3894319534301,7.98945713043208,"38.1667_-123.4833"
"122",38.1667,-123.4833,2012,4,6,4.6,10.1307029724121,8.51558303833002,"38.1667_-123.4833"
"123",38.1667,-123.4833,2012,4,7,4.7,10.0837202072143,8.49829101562496,"38.1667_-123.4833"
"124",38.1667,-123.4833,2012,4,8,4.8,10.1336250305175,8.41892433166499,"38.1667_-123.4833"
"125",38.1667,-123.4833,2012,4,9,4.9,10.1683168411254,8.39387798309322,"38.1667_-123.4833"
"126",38.1667,-123.4833,2012,4,10,4.1,10.6944437026977,7.89211225509638,"38.1667_-123.4833"
"127",38.1667,-123.4833,2012,4,11,4.11,10.7744369506835,7.88269281387326,"38.1667_-123.4833"
"128",38.1667,-123.4833,2012,4,12,4.12,10.8669786453247,7.83309364318844,"38.1667_-123.4833"
"129",38.1667,-123.4833,2012,4,13,4.13,11.1124057769775,7.8680915832519,"38.1667_-123.4833"
"130",38.1667,-123.4833,2012,4,14,4.14,10.8585653305053,7.83994388580317,"38.1667_-123.4833"
"131",38.1667,-123.4833,2012,4,15,4.15,10.6590528488159,7.93634653091427,"38.1667_-123.4833"
"132",38.1667,-123.4833,2012,4,16,4.16,10.7580213546752,8.14681625366205,"38.1667_-123.4833"
"133",38.1667,-123.4833,2012,4,17,4.17,10.9403953552246,8.47664356231686,"38.1667_-123.4833"
"134",38.1667,-123.4833,2012,4,18,4.18,10.6818141937255,8.08974933624262,"38.1667_-123.4833"
"135",38.1667,-123.4833,2012,4,19,4.19,10.908685684204,8.10140895843501,"38.1667_-123.4833"
"136",38.1667,-123.4833,2012,4,20,4.2,11.0586824417114,7.81075811386103,"38.1667_-123.4833"
"137",38.1667,-123.4833,2012,4,21,4.21,11.1534957885742,8.16103839874264,"38.1667_-123.4833"
"138",38.1667,-123.4833,2012,4,22,4.22,9.75121307373042,7.15546655654903,"38.1667_-123.4833"
"139",38.1667,-123.4833,2012,4,23,4.23,10.0399436950683,7.00901508331296,"38.1667_-123.4833"
"140",38.1667,-123.4833,2012,4,24,4.24,10.7286510467529,6.8708114624023,"38.1667_-123.4833"
"141",38.1667,-123.4833,2012,4,25,4.25,11.0012989044189,6.95904874801632,"38.1667_-123.4833"
"142",38.1667,-123.4833,2012,4,26,4.26,11.8656959533691,8.14598369598384,"38.1667_-123.4833"
"143",38.1667,-123.4833,2012,4,27,4.27,11.5736904144286,8.05882740020748,"38.1667_-123.4833"
"144",38.1667,-123.4833,2012,4,28,4.28,10.2052221298217,7.83188199996943,"38.1667_-123.4833"
"145",38.1667,-123.4833,2012,4,29,4.29,9.77868366241451,7.82662534713741,"38.1667_-123.4833"
"146",38.1667,-123.4833,2012,4,30,4.3,10.0838117599487,8.01932048797602,"38.1667_-123.4833"
"147",38.1667,-123.4833,2012,5,1,5.1,10.0220928192138,8.07113075256344,"38.1667_-123.4833"
"148",38.1667,-123.4833,2012,5,2,5.2,9.94585800170894,7.91078090667721,"38.1667_-123.4833"
"149",38.1667,-123.4833,2012,5,3,5.3,9.59356117248531,7.92041492462153,"38.1667_-123.4833"
"150",38.1667,-123.4833,2012,5,4,5.4,9.65055370330807,7.74839878082272,"38.1667_-123.4833"
"151",38.1667,-123.4833,2012,5,5,5.5,9.60861492156978,7.76237487792966,"38.1667_-123.4833"
"152",38.1667,-123.4833,2012,5,6,5.6,9.25448799133297,7.79694890975946,"38.1667_-123.4833"
"153",38.1667,-123.4833,2012,5,7,5.7,9.09093570709223,7.85414981842037,"38.1667_-123.4833"
"154",38.1667,-123.4833,2012,5,8,5.8,9.28056907653803,7.55754041671748,"38.1667_-123.4833"
"155",38.1667,-123.4833,2012,5,9,5.9,9.34017562866207,7.37830591201777,"38.1667_-123.4833"
"156",38.1667,-123.4833,2012,5,10,5.1,9.2252225875854,7.52626752853388,"38.1667_-123.4833"
"157",38.1667,-123.4833,2012,5,11,5.11,9.13309860229488,7.62791538238522,"38.1667_-123.4833"
"158",38.1667,-123.4833,2012,5,12,5.12,8.58706188201899,7.30200767517087,"38.1667_-123.4833"
"159",38.1667,-123.4833,2012,5,13,5.13,8.56394100189205,6.7385568618774,"38.1667_-123.4833"
"160",38.1667,-123.4833,2012,5,14,5.14,9.84852886199945,6.7493047714233,"38.1667_-123.4833"
"161",38.1667,-123.4833,2012,5,15,5.15,10.3626747131347,6.81041955947873,"38.1667_-123.4833"
"162",38.1667,-123.4833,2012,5,16,5.16,10.2188453674316,7.49024581909175,"38.1667_-123.4833"
"163",38.1667,-123.4833,2012,5,17,5.17,9.7366380691528,7.49181652069088,"38.1667_-123.4833"
"164",38.1667,-123.4833,2012,5,18,5.18,9.72399711608884,7.51541090011592,"38.1667_-123.4833"
"165",38.1667,-123.4833,2012,5,19,5.19,9.57464313507074,7.55271530151362,"38.1667_-123.4833"
"166",38.1667,-123.4833,2012,5,20,5.2,9.65551567077632,8.07153892517085,"38.1667_-123.4833"
"167",38.1667,-123.4833,2012,5,21,5.21,9.86992454528803,7.95931100845334,"38.1667_-123.4833"
"168",38.1667,-123.4833,2012,5,22,5.22,9.9704675674438,8.04643630981442,"38.1667_-123.4833"
"169",38.1667,-123.4833,2012,5,23,5.23,9.99465370178219,8.11996173858637,"38.1667_-123.4833"
"170",38.1667,-123.4833,2012,5,24,5.24,9.9952068328857,8.16489791870112,"38.1667_-123.4833"
"171",38.1667,-123.4833,2012,5,25,5.25,9.72662925720212,8.07884407043452,"38.1667_-123.4833"
"172",38.1667,-123.4833,2012,5,26,5.26,9.34618568420404,7.99382591247555,"38.1667_-123.4833"
"173",38.1667,-123.4833,2012,5,27,5.27,9.10122966766352,7.73363208770746,"38.1667_-123.4833"
"174",38.1667,-123.4833,2012,5,28,5.28,10.5667753219604,7.26074600219723,"38.1667_-123.4833"
"175",38.1667,-123.4833,2012,5,29,5.29,9.79542732238766,7.46608543395992,"38.1667_-123.4833"
"176",38.1667,-123.4833,2012,5,30,5.3,9.50230884551998,7.52366685867306,"38.1667_-123.4833"
"177",38.1667,-123.4833,2012,5,31,5.31,9.7238798141479,7.5911779403686,"38.1667_-123.4833"
"178",38.1667,-123.4833,2012,6,1,6.1,10.0411615371704,7.45795059204097,"38.1667_-123.4833"
"179",38.1667,-123.4833,2012,6,2,6.2,9.91353893280026,7.27940273284907,"38.1667_-123.4833"
"180",38.1667,-123.4833,2012,6,3,6.3,9.46393489837643,7.52449464797969,"38.1667_-123.4833"
"181",38.1667,-123.4833,2012,6,4,6.4,9.38402557373043,7.7297620773315,"38.1667_-123.4833"
"182",38.1667,-123.4833,2012,6,5,6.5,10.1027717590332,7.87232017517084,"38.1667_-123.4833"
"183",38.1667,-123.4833,2012,6,6,6.6,10.0597782135009,8.03001117706294,"38.1667_-123.4833"
"184",38.1667,-123.4833,2012,6,7,6.7,9.97304058074945,8.34543228149411,"38.1667_-123.4833"
"185",38.1667,-123.4833,2012,6,8,6.8,9.94762134551997,8.31140041351315,"38.1667_-123.4833"
"186",38.1667,-123.4833,2012,6,9,6.9,10.1664772033691,8.35148239135738,"38.1667_-123.4833"
"187",38.1667,-123.4833,2012,6,10,6.1,9.71089553833003,8.22984313964838,"38.1667_-123.4833"
"188",38.1667,-123.4833,2012,6,11,6.11,9.74232769012445,8.25607204437252,"38.1667_-123.4833"
"189",38.1667,-123.4833,2012,6,12,6.12,10.5904083251953,8.18138885498042,"38.1667_-123.4833"
"190",38.1667,-123.4833,2012,6,13,6.13,10.03147315979,8.51762866973871,"38.1667_-123.4833"
"191",38.1667,-123.4833,2012,6,14,6.14,9.82265567779535,8.43059349060054,"38.1667_-123.4833"
"192",38.1667,-123.4833,2012,6,15,6.15,9.08113956451413,8.20022869110103,"38.1667_-123.4833"
"193",38.1667,-123.4833,2012,6,16,6.16,9.22426891326899,8.00535297393793,"38.1667_-123.4833"
"194",38.1667,-123.4833,2012,6,17,6.17,9.23486328124994,7.96656942367548,"38.1667_-123.4833"
"195",38.1667,-123.4833,2012,6,18,6.18,9.07118511199946,7.74907779693598,"38.1667_-123.4833"
"196",38.1667,-123.4833,2012,6,19,6.19,10.5420036315917,7.86651611328122,"38.1667_-123.4833"
"197",38.1667,-123.4833,2012,6,20,6.2,10.8447113037109,8.21835231781001,"38.1667_-123.4833"
"198",38.1667,-123.4833,2012,6,21,6.21,10.6927442550659,8.53369808197016,"38.1667_-123.4833"
"199",38.1667,-123.4833,2012,6,22,6.22,10.7055416107177,8.45950031280514,"38.1667_-123.4833"
"200",38.1667,-123.4833,2012,6,23,6.23,10.9356508255004,8.10806941986079,"38.1667_-123.4833"
"201",38.1667,-123.4833,2012,6,24,6.24,11.1329336166381,8.03198432922358,"38.1667_-123.4833"
"202",38.1667,-123.4833,2012,6,25,6.25,11.5457592010497,7.92941474914547,"38.1667_-123.4833"
"203",38.1667,-123.4833,2012,6,26,6.26,12.1579322814941,7.71640157699579,"38.1667_-123.4833"
"204",38.1667,-123.4833,2012,6,27,6.27,12.5106620788574,7.48528671264643,"38.1667_-123.4833"
"205",38.1667,-123.4833,2012,6,28,6.28,11.8439168930054,7.75312232971187,"38.1667_-123.4833"
"206",38.1667,-123.4833,2012,6,29,6.29,11.8009757995605,8.3354043960571,"38.1667_-123.4833"
"207",38.1667,-123.4833,2012,6,30,6.3,12.0403184890746,8.46723461151119,"38.1667_-123.4833"
"208",38.1667,-123.4833,2012,7,1,7.1,12.6008558273315,8.44121551513666,"38.1667_-123.4833"
"209",38.1667,-123.4833,2012,7,2,7.2,12.5332670211792,8.30719375610348,"38.1667_-123.4833"
"210",38.1667,-123.4833,2012,7,3,7.3,10.457908630371,8.27595043182369,"38.1667_-123.4833"
"211",38.1667,-123.4833,2012,7,10,7.1,10.7409439086913,8.53951644897456,"38.1667_-123.4833"
"212",38.1667,-123.4833,2012,7,11,7.11,10.553747177124,8.64113712310787,"38.1667_-123.4833"
"213",38.1667,-123.4833,2012,7,12,7.12,10.542197227478,8.63525390624997,"38.1667_-123.4833"
"214",38.1667,-123.4833,2012,7,13,7.13,10.5336465835571,8.57559776306147,"38.1667_-123.4833"
"215",38.1667,-123.4833,2012,7,14,7.14,10.4767866134643,8.4953813552856,"38.1667_-123.4833"
"216",38.1667,-123.4833,2012,7,15,7.15,10.1856489181518,8.24155044555659,"38.1667_-123.4833"
"217",38.1667,-123.4833,2012,7,16,7.16,10.3249216079712,8.14099884033197,"38.1667_-123.4833"
"218",38.1667,-123.4833,2012,7,17,7.17,10.860629081726,8.31277465820307,"38.1667_-123.4833"
"219",38.1667,-123.4833,2012,7,18,7.18,11.7011766433715,8.75811958312985,"38.1667_-123.4833"
"220",38.1667,-123.4833,2012,7,19,7.19,11.7977151870727,8.69595527648923,"38.1667_-123.4833"
"221",38.1667,-123.4833,2012,7,20,7.2,12.3199462890625,8.52005958557126,"38.1667_-123.4833"
"222",38.1667,-123.4833,2012,7,21,7.21,11.2817649841308,8.51393604278561,"38.1667_-123.4833"
"223",38.1667,-123.4833,2012,7,22,7.22,10.466812133789,8.53744029998776,"38.1667_-123.4833"
"224",38.1667,-123.4833,2012,7,23,7.23,9.4472103118896,8.23940372467035,"38.1667_-123.4833"
"225",38.1667,-123.4833,2012,7,24,7.24,9.77644824981686,8.00303649902339,"38.1667_-123.4833"
"226",38.1667,-123.4833,2012,7,25,7.25,9.98325824737546,8.32659339904779,"38.1667_-123.4833"
"227",38.1667,-123.4833,2012,7,26,7.26,11.4548788070678,8.40230846405026,"38.1667_-123.4833"
"228",38.1667,-123.4833,2012,7,27,7.27,12.0136890411376,9.21116733551022,"38.1667_-123.4833"
"229",38.1667,-123.4833,2012,7,28,7.28,12.0466947555542,9.16155624389644,"38.1667_-123.4833"
"230",38.1667,-123.4833,2012,7,29,7.29,11.115288734436,9.31299781799311,"38.1667_-123.4833"
"231",38.1667,-123.4833,2012,7,30,7.3,11.1542348861694,8.77729797363278,"38.1667_-123.4833"
"232",38.1667,-123.4833,2012,7,31,7.31,10.5594177246093,9.66745948791498,"38.1667_-123.4833"
"233",38.1667,-123.4833,2013,4,1,4.1,10.3921470642089,7.98932218551632,"38.1667_-123.4833"
"234",38.1667,-123.4833,2013,4,2,4.2,10.5829353332519,7.99665641784663,"38.1667_-123.4833"
"235",38.1667,-123.4833,2013,4,3,4.3,10.9670219421386,8.09982776641843,"38.1667_-123.4833"
"236",38.1667,-123.4833,2013,4,4,4.4,11.251030921936,8.14322280883785,"38.1667_-123.4833"
"237",38.1667,-123.4833,2013,4,5,4.5,10.8792533874511,7.53653478622431,"38.1667_-123.4833"
"238",38.1667,-123.4833,2013,4,6,4.6,11.2624340057373,7.5642781257629,"38.1667_-123.4833"
"239",38.1667,-123.4833,2013,4,7,4.7,11.6357955932617,7.60915327072139,"38.1667_-123.4833"
"240",38.1667,-123.4833,2013,4,8,4.8,11.1010246276855,7.61201190948482,"38.1667_-123.4833"
"241",38.1667,-123.4833,2013,4,9,4.9,10.1757020950317,7.99199485778805,"38.1667_-123.4833"
"242",38.1667,-123.4833,2013,4,10,4.1,9.68513202667231,8.15155601501459,"38.1667_-123.4833"
"243",38.1667,-123.4833,2013,4,11,4.11,10.0542669296264,8.34515953063961,"38.1667_-123.4833"
"244",38.1667,-123.4833,2013,4,12,4.12,10.3701076507568,8.48155689239497,"38.1667_-123.4833"
"245",38.1667,-123.4833,2013,4,13,4.13,9.25425624847406,8.12688350677487,"38.1667_-123.4833"
"246",38.1667,-123.4833,2013,4,14,4.14,8.92478847503658,8.15488529205317,"38.1667_-123.4833"
"247",38.1667,-123.4833,2013,4,15,4.15,8.71425151824948,8.19259166717526,"38.1667_-123.4833"
"248",38.1667,-123.4833,2013,4,16,4.16,8.78117561340329,8.0222539901733,"38.1667_-123.4833"
"249",38.1667,-123.4833,2013,4,17,4.17,8.98881721496578,7.67352676391596,"38.1667_-123.4833"
"250",38.1667,-123.4833,2013,4,18,4.18,9.02103042602533,7.75854158401485,"38.1667_-123.4833"
"251",38.1667,-123.4833,2013,4,19,4.19,9.08462524414059,7.66292619705196,"38.1667_-123.4833"
"252",38.1667,-123.4833,2013,4,20,4.2,9.22000503540033,7.63587570190424,"38.1667_-123.4833"
"253",38.1667,-123.4833,2013,4,21,4.21,8.89944839477535,7.7318520545959,"38.1667_-123.4833"
"254",38.1667,-123.4833,2013,4,22,4.22,8.98691463470455,7.7922220230102,"38.1667_-123.4833"
"255",38.1667,-123.4833,2013,4,23,4.23,9.3562622070312,7.7671065330505,"38.1667_-123.4833"
"256",38.1667,-123.4833,2013,4,24,4.24,9.82540798187251,7.53601741790766,"38.1667_-123.4833"
"257",38.1667,-123.4833,2013,4,25,4.25,8.9612255096435,6.71721935272214,"38.1667_-123.4833"
"258",38.1667,-123.4833,2013,4,26,4.26,9.00781536102291,6.56015682220455,"38.1667_-123.4833"
"259",38.1667,-123.4833,2013,4,27,4.27,9.9333515167236,7.23623895645138,"38.1667_-123.4833"
"260",38.1667,-123.4833,2013,4,28,4.28,9.46328544616695,7.55481958389279,"38.1667_-123.4833"
"261",38.1667,-123.4833,2013,4,29,4.29,10.168038368225,8.08988475799557,"38.1667_-123.4833"
"262",38.1667,-123.4833,2013,4,30,4.3,9.64568614959714,8.25784683227536,"38.1667_-123.4833"
"263",38.1667,-123.4833,2013,5,1,5.1,9.32845687866205,8.45413684844968,"38.1667_-123.4833"
"264",38.1667,-123.4833,2013,5,2,5.2,9.53183841705317,8.48787593841548,"38.1667_-123.4833"
"265",38.1667,-123.4833,2013,5,3,5.3,8.85959339141841,7.47596311569209,"38.1667_-123.4833"
"266",38.1667,-123.4833,2013,5,4,5.4,10.1914701461791,7.53197765350336,"38.1667_-123.4833"
"267",38.1667,-123.4833,2013,5,5,5.5,10.3855743408203,7.43921661376949,"38.1667_-123.4833"
"268",38.1667,-123.4833,2013,5,6,5.6,11.6367673873901,7.41701459884638,"38.1667_-123.4833"
"269",38.1667,-123.4833,2013,5,7,5.7,10.9589710235595,7.92752742767331,"38.1667_-123.4833"
"270",38.1667,-123.4833,2013,5,8,5.8,11.0426473617553,7.95758581161493,"38.1667_-123.4833"
"271",38.1667,-123.4833,2013,5,9,5.9,11.1946983337402,7.86229753494259,"38.1667_-123.4833"
"272",38.1667,-123.4833,2013,5,10,5.1,10.7327547073364,7.99641180038448,"38.1667_-123.4833"
"273",38.1667,-123.4833,2013,5,11,5.11,10.5640172958374,8.38511657714839,"38.1667_-123.4833"
"274",38.1667,-123.4833,2013,5,12,5.12,10.7419242858886,8.34925079345699,"38.1667_-123.4833"
"275",38.1667,-123.4833,2013,5,13,5.13,10.8716888427734,8.46126174926752,"38.1667_-123.4833"
"276",38.1667,-123.4833,2013,5,14,5.14,10.6294403076171,8.64301300048822,"38.1667_-123.4833"
"277",38.1667,-123.4833,2013,5,15,5.15,10.638816833496,8.93611621856684,"38.1667_-123.4833"
"278",38.1667,-123.4833,2013,5,16,5.16,10.4877309799194,8.81020641326899,"38.1667_-123.4833"
"279",38.1667,-123.4833,2013,5,17,5.17,11.0447692871093,8.784384727478,"38.1667_-123.4833"
"280",38.1667,-123.4833,2013,5,18,5.18,11.4832754135132,8.75337028503414,"38.1667_-123.4833"
"281",38.1667,-123.4833,2013,5,19,5.19,10.5409679412841,8.90516090393062,"38.1667_-123.4833"
"282",38.1667,-123.4833,2013,5,20,5.2,10.731987953186,8.62469863891596,"38.1667_-123.4833"
"283",38.1667,-123.4833,2013,5,21,5.21,10.910701751709,8.53991603851313,"38.1667_-123.4833"
"284",38.1667,-123.4833,2013,5,22,5.22,10.7535190582275,8.65300464630123,"38.1667_-123.4833"
"285",38.1667,-123.4833,2013,5,23,5.23,9.76328659057613,8.6200790405273,"38.1667_-123.4833"
"286",38.1667,-123.4833,2013,5,24,5.24,9.62950229644772,8.79865169525143,"38.1667_-123.4833"
"287",38.1667,-123.4833,2013,5,25,5.25,9.96920871734615,8.76177501678462,"38.1667_-123.4833"
"288",38.1667,-123.4833,2013,5,26,5.26,10.8972663879394,8.67891407012934,"38.1667_-123.4833"
"289",38.1667,-123.4833,2013,5,27,5.27,10.6718435287475,8.39305305480953,"38.1667_-123.4833"
"290",38.1667,-123.4833,2013,5,28,5.28,11.3141889572143,8.42484283447261,"38.1667_-123.4833"
"291",38.1667,-123.4833,2013,5,29,5.29,12.2640018463134,8.6239671707153,"38.1667_-123.4833"
"292",38.1667,-123.4833,2013,5,30,5.3,11.1083793640136,8.72901630401606,"38.1667_-123.4833"
"293",38.1667,-123.4833,2013,5,31,5.31,10.2100429534912,8.81980133056635,"38.1667_-123.4833"
"294",38.1667,-123.4833,2013,6,1,6.1,10.2057065963745,8.8748807907104,"38.1667_-123.4833"
"295",38.1667,-123.4833,2013,6,2,6.2,10.8043041229248,8.8248844146728,"38.1667_-123.4833"
"296",38.1667,-123.4833,2013,6,3,6.3,11.0882225036621,8.75360202789301,"38.1667_-123.4833"
"297",38.1667,-123.4833,2013,6,4,6.4,9.9909629821777,8.04427337646479,"38.1667_-123.4833"
"298",38.1667,-123.4833,2013,6,5,6.5,11.4018869400024,7.93992042541501,"38.1667_-123.4833"
"299",38.1667,-123.4833,2013,6,6,6.6,11.8983697891235,7.9133648872375,"38.1667_-123.4833"
"300",38.1667,-123.4833,2013,6,7,6.7,11.6619520187377,8.01627540588375,"38.1667_-123.4833"
"301",38.1667,-123.4833,2013,6,8,6.8,10.9381237030029,7.32550525665279,"38.1667_-123.4833"
"302",38.1667,-123.4833,2013,6,9,6.9,11.0105381011962,7.67291688919064,"38.1667_-123.4833"
"303",38.1667,-123.4833,2013,6,10,6.1,10.6347427368163,7.43954944610591,"38.1667_-123.4833"
"304",38.1667,-123.4833,2013,6,11,6.11,11.2848901748657,7.45302581787106,"38.1667_-123.4833"
"305",38.1667,-123.4833,2013,6,12,6.12,11.4812955856323,8.53110980987544,"38.1667_-123.4833"
"306",38.1667,-123.4833,2013,6,13,6.13,10.8288784027099,8.41124057769772,"38.1667_-123.4833"
"307",38.1667,-123.4833,2013,6,14,6.14,10.2314395904541,8.18171596527094,"38.1667_-123.4833"
"308",38.1667,-123.4833,2013,6,15,6.15,10.3863430023193,8.18774414062495,"38.1667_-123.4833"
"309",38.1667,-123.4833,2013,6,16,6.16,10.3254890441894,8.63862037658688,"38.1667_-123.4833"
"310",38.1667,-123.4833,2013,6,17,6.17,10.5134868621826,8.66616821289057,"38.1667_-123.4833"
"311",38.1667,-123.4833,2013,6,18,6.18,10.7852478027343,8.67252445220942,"38.1667_-123.4833"
"312",38.1667,-123.4833,2013,6,19,6.19,10.9835128784179,8.70760726928706,"38.1667_-123.4833"
"313",38.1667,-123.4833,2013,6,20,6.2,11.6479263305663,8.88801670074457,"38.1667_-123.4833"
"314",38.1667,-123.4833,2013,6,21,6.21,11.748417854309,8.8780250549316,"38.1667_-123.4833"
"315",38.1667,-123.4833,2013,6,22,6.22,11.8022813796996,8.67502117156979,"38.1667_-123.4833"
"316",38.1667,-123.4833,2013,6,23,6.23,12.1145296096801,8.38792419433588,"38.1667_-123.4833"
"317",38.1667,-123.4833,2013,6,24,6.24,11.822075843811,8.05079555511469,"38.1667_-123.4833"
"318",38.1667,-123.4833,2013,6,25,6.25,12.1839265823364,8.05546283721921,"38.1667_-123.4833"
"319",38.1667,-123.4833,2013,6,26,6.26,12.8974933624267,8.03305816650385,"38.1667_-123.4833"
"320",38.1667,-123.4833,2013,6,27,6.27,13.3783979415893,7.98380374908444,"38.1667_-123.4833"
"321",38.1667,-123.4833,2013,6,28,6.28,13.440372467041,8.39861869812009,"38.1667_-123.4833"
"322",38.1667,-123.4833,2013,6,29,6.29,13.4908819198608,9.06549263000484,"38.1667_-123.4833"
"323",38.1667,-123.4833,2013,6,30,6.3,13.3447866439819,9.49589729309079,"38.1667_-123.4833"
"324",38.1667,-123.4833,2013,7,1,7.1,12.5327100753783,9.61030101776117,"38.1667_-123.4833"
"325",38.1667,-123.4833,2013,7,2,7.2,12.4080305099487,8.97386074066159,"38.1667_-123.4833"
"326",38.1667,-123.4833,2013,7,3,7.3,12.0761060714721,8.60973262786862,"38.1667_-123.4833"
"327",38.1667,-123.4833,2013,7,10,7.1,11.055248260498,7.6649713516235,"38.1667_-123.4833"
"328",38.1667,-123.4833,2013,7,11,7.11,12.0583114624023,7.94750547409052,"38.1667_-123.4833"
"329",38.1667,-123.4833,2013,7,12,7.12,12.2488241195678,8.20594406127924,"38.1667_-123.4833"
"330",38.1667,-123.4833,2013,7,13,7.13,12.120717048645,8.21888351440426,"38.1667_-123.4833"
"331",38.1667,-123.4833,2013,7,14,7.14,11.4920997619629,8.0492324829101,"38.1667_-123.4833"
"332",38.1667,-123.4833,2013,7,15,7.15,12.4689426422118,7.69209051132198,"38.1667_-123.4833"
"333",38.1667,-123.4833,2013,7,16,7.16,13.0829305648804,6.79845380783077,"38.1667_-123.4833"
"334",38.1667,-123.4833,2013,7,17,7.17,12.8949289321899,6.68096685409542,"38.1667_-123.4833"
"335",38.1667,-123.4833,2013,7,18,7.18,12.7881479263305,8.43598842620846,"38.1667_-123.4833"
"336",38.1667,-123.4833,2013,7,19,7.19,12.1326160430908,8.47029876708979,"38.1667_-123.4833"
"337",38.1667,-123.4833,2013,7,20,7.2,11.7344961166381,8.12037181854243,"38.1667_-123.4833"
"338",38.1667,-123.4833,2013,7,21,7.21,12.4334182739257,7.77467250823971,"38.1667_-123.4833"
"339",38.1667,-123.4833,2013,7,22,7.22,10.7144947052001,7.72741699218746,"38.1667_-123.4833"
"340",38.1667,-123.4833,2013,7,23,7.23,10.7800464630127,7.95359945297236,"38.1667_-123.4833"
"341",38.1667,-123.4833,2013,7,24,7.24,10.8229255676269,7.79869365692134,"38.1667_-123.4833"
"342",38.1667,-123.4833,2013,7,25,7.25,11.2596406936645,7.6707825660705,"38.1667_-123.4833"
"343",38.1667,-123.4833,2013,7,26,7.26,9.23592758178706,6.7810759544372,"38.1667_-123.4833"
"344",38.1667,-123.4833,2013,7,27,7.27,9.91677951812739,6.06089830398556,"38.1667_-123.4833"
"345",38.1667,-123.4833,2013,7,28,7.28,9.7658548355102,6.63142061233515,"38.1667_-123.4833"
"346",38.1667,-123.4833,2013,7,29,7.29,8.42083072662348,7.40508604049678,"38.1667_-123.4833"
"347",38.1667,-123.4833,2013,7,30,7.3,8.84846496582027,8.36040210723872,"38.1667_-123.4833"
"348",38.1667,-123.4833,2013,7,31,7.31,11.4289751052856,8.20938014984127,"38.1667_-123.4833"
"349",38.1667,-123.4833,2015,4,1,4.1,12.8480472564697,9.04217815399164,"38.1667_-123.4833"
"350",38.1667,-123.4833,2015,4,2,4.2,12.3639707565307,9.00126647949214,"38.1667_-123.4833"
"351",38.1667,-123.4833,2015,4,3,4.3,11.8779764175414,8.89304828643794,"38.1667_-123.4833"
"352",38.1667,-123.4833,2015,4,4,4.4,11.5898656845092,8.96118831634516,"38.1667_-123.4833"
"353",38.1667,-123.4833,2015,4,5,4.5,11.9056701660156,8.78611755371089,"38.1667_-123.4833"
"354",38.1667,-123.4833,2015,4,6,4.6,12.1936111450195,8.82401371002194,"38.1667_-123.4833"
"355",38.1667,-123.4833,2015,4,7,4.7,12.4190549850463,9.18986606597896,"38.1667_-123.4833"
"356",38.1667,-123.4833,2015,4,8,4.8,12.6237745285034,9.29725074768063,"38.1667_-123.4833"
"357",38.1667,-123.4833,2015,4,9,4.9,12.678840637207,9.31284809112545,"38.1667_-123.4833"
"358",38.1667,-123.4833,2015,4,10,4.1,12.6633462905883,9.28907585144038,"38.1667_-123.4833"
"359",38.1667,-123.4833,2015,4,11,4.11,13.0450372695922,9.42891120910641,"38.1667_-123.4833"
"360",38.1667,-123.4833,2015,4,12,4.12,12.8218584060669,9.31980419158931,"38.1667_-123.4833"
"361",38.1667,-123.4833,2015,4,13,4.13,12.5274429321288,8.98317241668697,"38.1667_-123.4833"
"362",38.1667,-123.4833,2015,4,14,4.14,12.159550666809,8.7524261474609,"38.1667_-123.4833"
"363",38.1667,-123.4833,2015,4,15,4.15,12.0096387863158,8.76261997222896,"38.1667_-123.4833"
"364",38.1667,-123.4833,2015,4,16,4.16,11.5168352127075,8.68623161315914,"38.1667_-123.4833"
"365",38.1667,-123.4833,2015,4,17,4.17,11.4595947265624,8.4486227035522,"38.1667_-123.4833"
"366",38.1667,-123.4833,2015,4,18,4.18,11.3765878677368,8.45934867858884,"38.1667_-123.4833"
"367",38.1667,-123.4833,2015,4,19,4.19,11.71422290802,7.65596961975092,"38.1667_-123.4833"
"368",38.1667,-123.4833,2015,4,20,4.2,12.0203247070312,8.03838062286373,"38.1667_-123.4833"
"369",38.1667,-123.4833,2015,4,21,4.21,11.860764503479,8.14218711853022,"38.1667_-123.4833"
"370",38.1667,-123.4833,2015,4,22,4.22,11.5355644226074,7.93107128143305,"38.1667_-123.4833"
"371",38.1667,-123.4833,2015,4,23,4.23,11.3212413787842,8.32196807861322,"38.1667_-123.4833"
"372",38.1667,-123.4833,2015,4,24,4.24,10.7328929901123,8.40821838378901,"38.1667_-123.4833"
"373",38.1667,-123.4833,2015,4,25,4.25,10.5254154205322,8.68711471557614,"38.1667_-123.4833"
"374",38.1667,-123.4833,2015,4,26,4.26,10.6679563522338,8.70739650726313,"38.1667_-123.4833"
"375",38.1667,-123.4833,2015,4,27,4.27,10.7065057754516,9.1600723266601,"38.1667_-123.4833"
"376",38.1667,-123.4833,2015,4,28,4.28,10.7457284927368,9.24758720397945,"38.1667_-123.4833"
"377",38.1667,-123.4833,2015,4,29,4.29,10.8217782974243,9.43767929077145,"38.1667_-123.4833"
"378",38.1667,-123.4833,2015,4,30,4.3,10.7359247207641,9.39119815826413,"38.1667_-123.4833"
"379",38.1667,-123.4833,2015,5,1,5.1,10.5317153930664,8.58932113647455,"38.1667_-123.4833"
"380",38.1667,-123.4833,2015,5,2,5.2,10.9189004898071,8.17388534545895,"38.1667_-123.4833"
"381",38.1667,-123.4833,2015,5,3,5.3,11.0255880355834,8.27473545074459,"38.1667_-123.4833"
"382",38.1667,-123.4833,2015,5,4,5.4,10.9331398010253,8.36555480957028,"38.1667_-123.4833"
"383",38.1667,-123.4833,2015,5,5,5.5,10.7000741958618,8.67063236236567,"38.1667_-123.4833"
"384",38.1667,-123.4833,2015,5,6,5.6,10.3849182128906,8.9124717712402,"38.1667_-123.4833"
"385",38.1667,-123.4833,2015,5,7,5.7,10.3748140335082,8.71110248565669,"38.1667_-123.4833"
"386",38.1667,-123.4833,2015,5,8,5.8,10.2600879669189,8.60039520263667,"38.1667_-123.4833"
"387",38.1667,-123.4833,2015,5,9,5.9,10.2879981994628,8.62464332580563,"38.1667_-123.4833"
"388",38.1667,-123.4833,2015,5,10,5.1,10.8176374435424,8.75835990905756,"38.1667_-123.4833"
"389",38.1667,-123.4833,2015,5,11,5.11,10.4504375457763,8.26226806640619,"38.1667_-123.4833"
"390",38.1667,-123.4833,2015,5,12,5.12,9.69918537139888,7.85452938079828,"38.1667_-123.4833"
"391",38.1667,-123.4833,2015,5,13,5.13,9.38977146148678,7.74371528625484,"38.1667_-123.4833"
"392",38.1667,-123.4833,2015,5,14,5.14,9.62357521057126,7.70810174942012,"38.1667_-123.4833"
"393",38.1667,-123.4833,2015,5,15,5.15,9.86564254760737,8.09991455078119,"38.1667_-123.4833"
"394",38.1667,-123.4833,2015,5,16,5.16,10.7924156188964,8.86224460601801,"38.1667_-123.4833"
"395",38.1667,-123.4833,2015,5,17,5.17,11.0340890884399,8.6564674377441,"38.1667_-123.4833"
"396",38.1667,-123.4833,2015,5,18,5.18,11.078797340393,8.39958477020259,"38.1667_-123.4833"
"397",38.1667,-123.4833,2015,5,19,5.19,11.2062368392944,8.4714441299438,"38.1667_-123.4833"
"398",38.1667,-123.4833,2015,5,20,5.2,11.110140800476,8.45663928985592,"38.1667_-123.4833"
"399",38.1667,-123.4833,2015,5,21,5.21,10.6401042938232,8.28794765472408,"38.1667_-123.4833"
"400",38.1667,-123.4833,2015,5,22,5.22,10.8364057540893,8.27443218231195,"38.1667_-123.4833"
"401",38.1667,-123.4833,2015,5,23,5.23,10.7288818359375,8.13479995727533,"38.1667_-123.4833"
"402",38.1667,-123.4833,2015,5,24,5.24,10.7154111862182,8.10613155364987,"38.1667_-123.4833"
"403",38.1667,-123.4833,2015,5,25,5.25,10.5012378692626,8.30276393890377,"38.1667_-123.4833"
"404",38.1667,-123.4833,2015,5,26,5.26,11.0742988586425,8.27627372741694,"38.1667_-123.4833"
"405",38.1667,-123.4833,2015,5,27,5.27,11.5198917388916,8.21326160430904,"38.1667_-123.4833"
"406",38.1667,-123.4833,2015,5,28,5.28,11.8365592956543,8.12583446502682,"38.1667_-123.4833"
"407",38.1667,-123.4833,2015,5,29,5.29,10.6146659851074,8.29046916961665,"38.1667_-123.4833"
"408",38.1667,-123.4833,2015,5,30,5.3,10.5408382415771,8.25691413879389,"38.1667_-123.4833"
"409",38.1667,-123.4833,2015,5,31,5.31,10.184980392456,8.27422904968257,"38.1667_-123.4833"
"410",38.1667,-123.4833,2015,6,1,6.1,10.9220600128174,8.32153987884516,"38.1667_-123.4833"
"411",38.1667,-123.4833,2015,6,2,6.2,11.3529729843139,8.72362804412837,"38.1667_-123.4833"
"412",38.1667,-123.4833,2015,6,3,6.3,11.2600364685058,8.51624393463131,"38.1667_-123.4833"
"413",38.1667,-123.4833,2015,6,4,6.4,10.6042470932006,8.3539657592773,"38.1667_-123.4833"
"414",38.1667,-123.4833,2015,6,5,6.5,10.3085317611694,8.24438953399654,"38.1667_-123.4833"
"415",38.1667,-123.4833,2015,6,6,6.6,9.37070465087885,8.21506500244137,"38.1667_-123.4833"
"416",38.1667,-123.4833,2015,6,7,6.7,9.79227256774897,8.23148441314692,"38.1667_-123.4833"
"417",38.1667,-123.4833,2015,6,8,6.8,9.89240550994869,8.54206657409662,"38.1667_-123.4833"
"418",38.1667,-123.4833,2015,6,9,6.9,10.8431482315063,8.7247400283813,"38.1667_-123.4833"
"419",38.1667,-123.4833,2015,6,10,6.1,9.6202249526977,7.6780738830566,"38.1667_-123.4833"
"420",38.1667,-123.4833,2015,6,11,6.11,9.44240665435785,8.06195163726803,"38.1667_-123.4833"
"421",38.1667,-123.4833,2015,6,12,6.12,9.87788867950434,8.30966377258297,"38.1667_-123.4833"
"422",38.1667,-123.4833,2015,6,13,6.13,11.6718711853027,8.51619434356684,"38.1667_-123.4833"
"423",38.1667,-123.4833,2015,6,14,6.14,11.8374872207641,7.75373315811152,"38.1667_-123.4833"
"424",38.1667,-123.4833,2015,6,15,6.15,12.3239707946777,7.46384143829343,"38.1667_-123.4833"
"425",38.1667,-123.4833,2015,6,16,6.16,10.2614364624023,7.55531215667721,"38.1667_-123.4833"
"426",38.1667,-123.4833,2015,6,17,6.17,9.7598905563354,7.75252532958979,"38.1667_-123.4833"
"427",38.1667,-123.4833,2015,6,18,6.18,11.2705240249633,7.9246091842651,"38.1667_-123.4833"
"428",38.1667,-123.4833,2015,6,19,6.19,11.1198587417602,7.72596502304073,"38.1667_-123.4833"
"429",38.1667,-123.4833,2015,6,20,6.2,10.7378616333007,7.68941879272458,"38.1667_-123.4833"
"430",38.1667,-123.4833,2015,6,21,6.21,10.6102514266967,7.87192249298092,"38.1667_-123.4833"
"431",38.1667,-123.4833,2015,6,22,6.22,11.1155700683593,8.90679645538326,"38.1667_-123.4833"
"432",38.1667,-123.4833,2015,6,23,6.23,11.4471950531005,8.96817493438716,"38.1667_-123.4833"
"433",38.1667,-123.4833,2015,6,24,6.24,11.2507038116455,8.89948463439936,"38.1667_-123.4833"
"434",38.1667,-123.4833,2015,6,25,6.25,11.0323410034179,8.79952144622798,"38.1667_-123.4833"
"435",38.1667,-123.4833,2015,6,26,6.26,10.1858921051025,8.60693264007564,"38.1667_-123.4833"
"436",38.1667,-123.4833,2015,6,27,6.27,10.8642740249633,8.95798587799069,"38.1667_-123.4833"
"437",38.1667,-123.4833,2015,6,28,6.28,11.9231071472167,8.99296092987056,"38.1667_-123.4833"
"438",38.1667,-123.4833,2015,6,29,6.29,12.2973880767822,8.93995952606196,"38.1667_-123.4833"
"439",38.1667,-123.4833,2015,6,30,6.3,11.1319952011108,8.80093574523923,"38.1667_-123.4833"
"440",38.1667,-123.4833,2015,7,1,7.1,11.970908164978,8.50171184539789,"38.1667_-123.4833"
"441",38.1667,-123.4833,2015,7,2,7.2,12.4708337783813,8.21924591064449,"38.1667_-123.4833"
"442",38.1667,-123.4833,2015,7,3,7.3,13.0092725753784,8.05164623260494,"38.1667_-123.4833"
"443",38.1667,-123.4833,2015,7,10,7.1,14.2629165649414,8.48775768280026,"38.1667_-123.4833"
"444",38.1667,-123.4833,2015,7,11,7.11,15.4228296279907,8.33353996276852,"38.1667_-123.4833"
"445",38.1667,-123.4833,2015,7,12,7.12,15.8289327621459,8.93938636779779,"38.1667_-123.4833"
"446",38.1667,-123.4833,2015,7,13,7.13,17.1503677368163,9.22581768035883,"38.1667_-123.4833"
"447",38.1667,-123.4833,2015,7,14,7.14,17.635175704956,9.36438941955563,"38.1667_-123.4833"
"448",38.1667,-123.4833,2015,7,15,7.15,13.8531618118286,8.9226150512695,"38.1667_-123.4833"
"449",38.1667,-123.4833,2015,7,16,7.16,13.8115539550781,8.43357372283931,"38.1667_-123.4833"
"450",38.1667,-123.4833,2015,7,17,7.17,13.86554813385,8.72375583648676,"38.1667_-123.4833"
"451",38.1667,-123.4833,2015,7,18,7.18,13.6055011749267,9.03038597106928,"38.1667_-123.4833"
"452",38.1667,-123.4833,2015,7,19,7.19,13.551381111145,9.14088439941401,"38.1667_-123.4833"
"453",38.1667,-123.4833,2015,7,20,7.2,13.4268608093261,8.9103736877441,"38.1667_-123.4833"
"454",38.1667,-123.4833,2015,7,21,7.21,15.0196313858032,8.11602973937985,"38.1667_-123.4833"
"455",38.1667,-123.4833,2015,7,22,7.22,14.3058319091797,7.55931758880611,"38.1667_-123.4833"
"456",38.1667,-123.4833,2015,7,23,7.23,14.0688800811767,8.03202819824214,"38.1667_-123.4833"
"457",38.1667,-123.4833,2015,7,24,7.24,15.7298917770386,10.157935142517,"38.1667_-123.4833"
"458",38.1667,-123.4833,2015,7,25,7.25,15.6344184875488,9.96026611328119,"38.1667_-123.4833"
"459",38.1667,-123.4833,2015,7,26,7.26,15.3370704650878,9.80694866180414,"38.1667_-123.4833"
"460",38.1667,-123.4833,2015,7,27,7.27,14.4313259124756,9.81879901885981,"38.1667_-123.4833"
"461",38.1667,-123.4833,2015,7,28,7.28,12.5939960479736,8.80792617797848,"38.1667_-123.4833"
"462",38.1667,-123.4833,2015,7,29,7.29,12.3900337219238,7.66676092147823,"38.1667_-123.4833"
"463",38.1667,-123.4833,2015,7,30,7.3,12.6499519348144,8.05216979980464,"38.1667_-123.4833"
"464",38.1667,-123.4833,2015,7,31,7.31,13.9645414352417,9.42028236389155,"38.1667_-123.4833"
"465",38.1667,-123.4833,2016,4,1,4.1,11.6421604156494,8.7388648986816,"38.1667_-123.4833"
"466",38.1667,-123.4833,2016,4,2,4.2,11.3002386093139,8.61038303375238,"38.1667_-123.4833"
"467",38.1667,-123.4833,2016,4,3,4.3,11.1954221725463,8.7602214813232,"38.1667_-123.4833"
"468",38.1667,-123.4833,2016,4,4,4.4,11.2750692367553,8.70873737335201,"38.1667_-123.4833"
"469",38.1667,-123.4833,2016,4,5,4.5,10.8960905075073,8.13546657562253,"38.1667_-123.4833"
"470",38.1667,-123.4833,2016,4,6,4.6,10.6984100341796,8.06267166137692,"38.1667_-123.4833"
"471",38.1667,-123.4833,2016,4,7,4.7,11.0600996017456,8.09829616546627,"38.1667_-123.4833"
"472",38.1667,-123.4833,2016,4,8,4.8,12.2109575271606,8.05498695373529,"38.1667_-123.4833"
"473",38.1667,-123.4833,2016,4,9,4.9,11.1536512374877,7.30451440811152,"38.1667_-123.4833"
"474",38.1667,-123.4833,2016,4,10,4.1,11.4438076019287,7.35340404510494,"38.1667_-123.4833"
"475",38.1667,-123.4833,2016,4,11,4.11,11.6368618011474,7.60015058517452,"38.1667_-123.4833"
"476",38.1667,-123.4833,2016,4,12,4.12,10.9911251068115,7.93373107910153,"38.1667_-123.4833"
"477",38.1667,-123.4833,2016,4,13,4.13,11.6122331619262,8.3937902450561,"38.1667_-123.4833"
"478",38.1667,-123.4833,2016,4,14,4.14,11.8254156112671,8.535041809082,"38.1667_-123.4833"
"479",38.1667,-123.4833,2016,4,15,4.15,11.8692607879638,8.52077388763424,"38.1667_-123.4833"
"480",38.1667,-123.4833,2016,4,16,4.16,11.6105155944824,8.4912137985229,"38.1667_-123.4833"
"481",38.1667,-123.4833,2016,4,17,4.17,11.5550861358642,8.49053955078119,"38.1667_-123.4833"
"482",38.1667,-123.4833,2016,4,18,4.18,11.6535863876342,8.61491203308102,"38.1667_-123.4833"
"483",38.1667,-123.4833,2016,4,19,4.19,12.6048736572265,8.87164783477778,"38.1667_-123.4833"
"484",38.1667,-123.4833,2016,4,20,4.2,13.5305519104004,8.98509788513179,"38.1667_-123.4833"
"485",38.1667,-123.4833,2016,4,21,4.21,12.1612873077392,7.60817050933835,"38.1667_-123.4833"
"486",38.1667,-123.4833,2016,4,22,4.22,12.8064193725585,7.47452259063718,"38.1667_-123.4833"
"487",38.1667,-123.4833,2016,4,23,4.23,12.9922142028808,7.58114004135128,"38.1667_-123.4833"
"488",38.1667,-123.4833,2016,4,24,4.24,11.8227443695068,7.69589853286738,"38.1667_-123.4833"
"489",38.1667,-123.4833,2016,4,25,4.25,12.2783155441284,9.00059795379633,"38.1667_-123.4833"
"490",38.1667,-123.4833,2016,4,26,4.26,11.0408668518066,8.90049648284907,"38.1667_-123.4833"
"491",38.1667,-123.4833,2016,4,27,4.27,11.4048690795898,8.9680967330932,"38.1667_-123.4833"
"492",38.1667,-123.4833,2016,4,28,4.28,11.2304420471191,8.8275642395019,"38.1667_-123.4833"
"493",38.1667,-123.4833,2016,4,29,4.29,10.9848794937133,8.45057678222651,"38.1667_-123.4833"
"494",38.1667,-123.4833,2016,4,30,4.3,10.5565519332885,8.22364711761471,"38.1667_-123.4833"
"495",38.1667,-123.4833,2016,5,1,5.1,10.5566492080688,8.27914619445797,"38.1667_-123.4833"
"496",38.1667,-123.4833,2016,5,2,5.2,11.1731014251708,8.29649543762201,"38.1667_-123.4833"
"497",38.1667,-123.4833,2016,5,3,5.3,10.1906661987304,7.48559904098506,"38.1667_-123.4833"
"498",38.1667,-123.4833,2016,5,4,5.4,11.5963840484619,7.38427543640133,"38.1667_-123.4833"
"499",38.1667,-123.4833,2016,5,5,5.5,12.2088661193847,7.3470592498779,"38.1667_-123.4833"
"500",38.1667,-123.4833,2016,5,6,5.6,12.7579498291015,7.43804264068599,"38.1667_-123.4833"
"501",38.1667,-123.4833,2016,5,7,5.7,11.2731218338012,6.41850042343135,"38.1667_-123.4833"
"502",38.1667,-123.4833,2016,5,8,5.8,11.4335689544677,6.92118787765499,"38.1667_-123.4833"
"503",38.1667,-123.4833,2016,5,9,5.9,12.3047981262206,7.86036252975461,"38.1667_-123.4833"
"504",38.1667,-123.4833,2016,5,10,5.1,12.4791860580444,8.06875705718991,"38.1667_-123.4833"
"505",38.1667,-123.4833,2016,5,11,5.11,11.9527616500854,7.65614604949945,"38.1667_-123.4833"
"506",38.1667,-123.4833,2016,5,12,5.12,12.206449508667,7.60993766784664,"38.1667_-123.4833"
"507",38.1667,-123.4833,2016,5,13,5.13,12.6031951904296,8.65077686309809,"38.1667_-123.4833"
"508",38.1667,-123.4833,2016,5,14,5.14,13.3851528167724,8.49128055572505,"38.1667_-123.4833"
"509",38.1667,-123.4833,2016,5,15,5.15,13.3715324401855,8.92548656463617,"38.1667_-123.4833"
"510",38.1667,-123.4833,2016,5,16,5.16,12.1044645309448,8.36278438568112,"38.1667_-123.4833"
"511",38.1667,-123.4833,2016,5,17,5.17,11.1849679946899,8.3721084594726,"38.1667_-123.4833"
"512",38.1667,-123.4833,2016,5,18,5.18,11.5528945922851,8.63323879241938,"38.1667_-123.4833"
"513",38.1667,-123.4833,2016,5,19,5.19,11.636770248413,8.36883640289301,"38.1667_-123.4833"
"514",38.1667,-123.4833,2016,5,20,5.2,11.9854755401611,8.67280101776117,"38.1667_-123.4833"
"515",38.1667,-123.4833,2016,5,21,5.21,11.5132150650024,8.80051612854001,"38.1667_-123.4833"
"516",38.1667,-123.4833,2016,5,22,5.22,11.498888015747,8.64943981170651,"38.1667_-123.4833"
"517",38.1667,-123.4833,2016,5,23,5.23,11.5159273147583,8.2291688919067,"38.1667_-123.4833"
"518",38.1667,-123.4833,2016,5,24,5.24,11.8636045455932,8.02663803100583,"38.1667_-123.4833"
"519",38.1667,-123.4833,2016,5,25,5.25,11.5193080902099,8.0870904922485,"38.1667_-123.4833"
"520",38.1667,-123.4833,2016,5,26,5.26,10.9609613418579,7.99909496307369,"38.1667_-123.4833"
"521",38.1667,-123.4833,2016,5,27,5.27,11.3694353103637,7.7255625724792,"38.1667_-123.4833"
"522",38.1667,-123.4833,2016,5,28,5.28,11.318416595459,8.24294090270993,"38.1667_-123.4833"
"523",38.1667,-123.4833,2016,5,29,5.29,11.2483196258544,8.19324111938471,"38.1667_-123.4833"
"524",38.1667,-123.4833,2016,5,30,5.3,11.3575191497803,8.12178039550778,"38.1667_-123.4833"
"525",38.1667,-123.4833,2016,5,31,5.31,11.1639127731323,7.76307010650631,"38.1667_-123.4833"
"526",38.1667,-123.4833,2016,6,1,6.1,11.8148412704467,7.64312219619746,"38.1667_-123.4833"
"527",38.1667,-123.4833,2016,6,2,6.2,12.0836696624755,7.57340860366816,"38.1667_-123.4833"
"528",38.1667,-123.4833,2016,6,3,6.3,12.5856828689575,7.46084260940547,"38.1667_-123.4833"
"529",38.1667,-123.4833,2016,6,4,6.4,9.90655899047848,7.21128940582272,"38.1667_-123.4833"
"530",38.1667,-123.4833,2016,6,5,6.5,9.84449481964106,7.65425586700436,"38.1667_-123.4833"
"531",38.1667,-123.4833,2016,6,6,6.6,10.5373601913452,7.5623922348022,"38.1667_-123.4833"
"532",38.1667,-123.4833,2016,6,7,6.7,10.6660537719726,7.63411712646479,"38.1667_-123.4833"
"533",38.1667,-123.4833,2016,6,8,6.8,9.83644866943356,9.02704906463618,"38.1667_-123.4833"
"534",38.1667,-123.4833,2016,6,9,6.9,11.2257947921753,8.9513664245605,"38.1667_-123.4833"
"535",38.1667,-123.4833,2016,6,10,6.1,10.5373973846435,8.69017887115474,"38.1667_-123.4833"
"536",38.1667,-123.4833,2016,6,11,6.11,10.0459222793579,8.42893123626706,"38.1667_-123.4833"
"537",38.1667,-123.4833,2016,6,12,6.12,11.3250312805175,8.25343227386469,"38.1667_-123.4833"
"538",38.1667,-123.4833,2016,6,13,6.13,11.2740211486816,8.03353214263912,"38.1667_-123.4833"
"539",38.1667,-123.4833,2016,6,14,6.14,11.6283369064331,7.86364936828609,"38.1667_-123.4833"
"540",38.1667,-123.4833,2016,6,15,6.15,11.6279754638671,7.9019417762756,"38.1667_-123.4833"
"541",38.1667,-123.4833,2016,6,16,6.16,11.2303791046142,8.62666702270502,"38.1667_-123.4833"
"542",38.1667,-123.4833,2016,6,17,6.17,11.9870567321777,8.43297767639156,"38.1667_-123.4833"
"543",38.1667,-123.4833,2016,6,18,6.18,12.274808883667,8.33450508117671,"38.1667_-123.4833"
"544",38.1667,-123.4833,2016,6,19,6.19,11.9154567718506,8.01819229125973,"38.1667_-123.4833"
"545",38.1667,-123.4833,2016,6,20,6.2,12.3908605575561,7.84612798690792,"38.1667_-123.4833"
"546",38.1667,-123.4833,2016,6,21,6.21,12.1532335281371,8.17149829864497,"38.1667_-123.4833"
"547",38.1667,-123.4833,2016,6,22,6.22,11.8478851318359,8.38428115844721,"38.1667_-123.4833"
"548",38.1667,-123.4833,2016,6,23,6.23,11.7838840484619,8.47882175445553,"38.1667_-123.4833"
"549",38.1667,-123.4833,2016,6,24,6.24,11.5716686248779,8.89417171478268,"38.1667_-123.4833"
"550",38.1667,-123.4833,2016,6,25,6.25,11.321662902832,8.92631530761716,"38.1667_-123.4833"
"551",38.1667,-123.4833,2016,6,26,6.26,11.2776718139648,8.95761489868161,"38.1667_-123.4833"
"552",38.1667,-123.4833,2016,6,27,6.27,11.3283901214599,8.90886402130121,"38.1667_-123.4833"
"553",38.1667,-123.4833,2016,6,28,6.28,10.8632822036743,8.49191379547114,"38.1667_-123.4833"
"554",38.1667,-123.4833,2016,6,29,6.29,11.1525716781616,8.19458770751949,"38.1667_-123.4833"
"555",38.1667,-123.4833,2016,6,30,6.3,11.2086486816406,8.14953708648678,"38.1667_-123.4833"
"556",38.1667,-123.4833,2016,7,1,7.1,10.9235925674438,8.04662990570064,"38.1667_-123.4833"
"557",38.1667,-123.4833,2016,7,2,7.2,8.70890045166012,7.39819622039789,"38.1667_-123.4833"
"558",38.1667,-123.4833,2016,7,3,7.3,9.31491184234615,7.89901876449581,"38.1667_-123.4833"
"559",38.1667,-123.4833,2016,7,10,7.1,10.8276805877685,9.01228141784663,"38.1667_-123.4833"
"560",38.1667,-123.4833,2016,7,11,7.11,11.3075313568115,9.23188877105708,"38.1667_-123.4833"
"561",38.1667,-123.4833,2016,7,12,7.12,11.2603101730346,9.1183176040649,"38.1667_-123.4833"
"562",38.1667,-123.4833,2016,7,13,7.13,11.126254081726,9.00294685363766,"38.1667_-123.4833"
"563",38.1667,-123.4833,2016,7,14,7.14,10.6082334518432,8.04372787475583,"38.1667_-123.4833"
"564",38.1667,-123.4833,2016,7,15,7.15,11.4671287536621,8.13021850585932,"38.1667_-123.4833"
"565",38.1667,-123.4833,2016,7,16,7.16,12.3820705413818,7.94314861297604,"38.1667_-123.4833"
"566",38.1667,-123.4833,2016,7,17,7.17,12.2440357208252,7.77184438705439,"38.1667_-123.4833"
"567",38.1667,-123.4833,2016,7,18,7.18,11.1065187454223,8.37111663818354,"38.1667_-123.4833"
"568",38.1667,-123.4833,2016,7,19,7.19,11.4866590499878,8.24235439300534,"38.1667_-123.4833"
"569",38.1667,-123.4833,2016,7,20,7.2,11.5976047515869,8.16649627685542,"38.1667_-123.4833"
"570",38.1667,-123.4833,2016,7,21,7.21,11.3078060150146,8.21646976470943,"38.1667_-123.4833"
"571",38.1667,-123.4833,2016,7,22,7.22,11.7677755355835,8.67481517791744,"38.1667_-123.4833"
"572",38.1667,-123.4833,2016,7,23,7.23,11.3050079345703,8.72022628784176,"38.1667_-123.4833"
"573",38.1667,-123.4833,2016,7,24,7.24,11.3077363967895,8.85652065277096,"38.1667_-123.4833"
"574",38.1667,-123.4833,2016,7,25,7.25,11.5170650482177,8.92266845703119,"38.1667_-123.4833"
"575",38.1667,-123.4833,2016,7,26,7.26,10.4354133605957,7.0492405891418,"38.1667_-123.4833"
"576",38.1667,-123.4833,2016,7,27,7.27,10.7925987243652,7.4039392471313,"38.1667_-123.4833"
"577",38.1667,-123.4833,2016,7,28,7.28,11.7803335189819,7.98427486419674,"38.1667_-123.4833"
"578",38.1667,-123.4833,2016,7,29,7.29,12.3112030029297,8.13667392730707,"38.1667_-123.4833"
"579",38.1667,-123.4833,2016,7,30,7.3,9.15213298797602,7.57498455047602,"38.1667_-123.4833"
"580",38.1667,-123.4833,2016,7,31,7.31,9.91086864471432,7.79186487197873,"38.1667_-123.4833"
"581",38.1667,-123.4833,2017,4,1,4.1,11.8173370361328,9.16890525817867,"38.1667_-123.4833"
"582",38.1667,-123.4833,2017,4,2,4.2,11.6402597427368,9.25005149841303,"38.1667_-123.4833"
"583",38.1667,-123.4833,2017,4,3,4.3,11.7008914947509,9.32560825347897,"38.1667_-123.4833"
"584",38.1667,-123.4833,2017,4,4,4.4,10.8522577285766,8.85259532928463,"38.1667_-123.4833"
"585",38.1667,-123.4833,2017,4,5,4.5,10.8219509124755,8.39486598968503,"38.1667_-123.4833"
"586",38.1667,-123.4833,2017,4,6,4.6,10.929326057434,8.47683906555173,"38.1667_-123.4833"
"587",38.1667,-123.4833,2017,4,7,4.7,11.6880445480346,8.572338104248,"38.1667_-123.4833"
"588",38.1667,-123.4833,2017,4,8,4.8,11.5394639968872,8.47789573669429,"38.1667_-123.4833"
"589",38.1667,-123.4833,2017,4,9,4.9,11.4531316757201,8.24610614776608,"38.1667_-123.4833"
"590",38.1667,-123.4833,2017,4,10,4.1,11.387788772583,8.01570796966549,"38.1667_-123.4833"
"591",38.1667,-123.4833,2017,4,11,4.11,11.7597398757934,8.05152988433832,"38.1667_-123.4833"
"592",38.1667,-123.4833,2017,4,12,4.12,11.5053482055664,8.67584896087641,"38.1667_-123.4833"
"593",38.1667,-123.4833,2017,4,13,4.13,11.9091854095458,8.65318679809567,"38.1667_-123.4833"
"594",38.1667,-123.4833,2017,4,14,4.14,12.0511713027953,8.43191432952876,"38.1667_-123.4833"
"595",38.1667,-123.4833,2017,4,15,4.15,11.6090717315673,8.46042537689205,"38.1667_-123.4833"
"596",38.1667,-123.4833,2017,4,16,4.16,11.3918485641479,7.93030977249142,"38.1667_-123.4833"
"597",38.1667,-123.4833,2017,4,17,4.17,11.5755586624145,8.04290485382075,"38.1667_-123.4833"
"598",38.1667,-123.4833,2017,4,18,4.18,12.0305595397949,8.00586414337153,"38.1667_-123.4833"
"599",38.1667,-123.4833,2017,4,19,4.19,12.663269996643,7.96633100509638,"38.1667_-123.4833"
"600",38.1667,-123.4833,2017,4,20,4.2,11.3475160598754,7.85684490203854,"38.1667_-123.4833"
"601",38.1667,-123.4833,2017,4,21,4.21,11.9758605957031,7.88982105255122,"38.1667_-123.4833"
"602",38.1667,-123.4833,2017,4,22,4.22,12.7729177474975,7.8841686248779,"38.1667_-123.4833"
"603",38.1667,-123.4833,2017,4,23,4.23,12.1262216567993,7.88213968276974,"38.1667_-123.4833"
"604",38.1667,-123.4833,2017,4,24,4.24,12.5257730484008,8.92004203796382,"38.1667_-123.4833"
"605",38.1667,-123.4833,2017,4,25,4.25,12.734857559204,9.00593376159662,"38.1667_-123.4833"
"606",38.1667,-123.4833,2017,4,26,4.26,12.7699756622314,8.77722072601314,"38.1667_-123.4833"
"607",38.1667,-123.4833,2017,4,27,4.27,12.9167070388793,8.81783676147456,"38.1667_-123.4833"
"608",38.1667,-123.4833,2017,4,28,4.28,11.6213216781616,8.72730827331537,"38.1667_-123.4833"
"609",38.1667,-123.4833,2017,4,29,4.29,11.196002960205,8.47097778320309,"38.1667_-123.4833"
"610",38.1667,-123.4833,2017,4,30,4.3,10.9875135421752,8.50279331207272,"38.1667_-123.4833"
"611",38.1667,-123.4833,2017,5,1,5.1,10.5606498718261,8.43929767608639,"38.1667_-123.4833"
"612",38.1667,-123.4833,2017,5,2,5.2,10.3186845779419,7.8116402626037,"38.1667_-123.4833"
"613",38.1667,-123.4833,2017,5,3,5.3,10.5078029632568,7.93371582031246,"38.1667_-123.4833"
"614",38.1667,-123.4833,2017,5,4,5.4,10.8747644424438,8.04114723205563,"38.1667_-123.4833"
"615",38.1667,-123.4833,2017,5,5,5.5,11.2896347045898,8.11574077606195,"38.1667_-123.4833"
"616",38.1667,-123.4833,2017,5,6,5.6,10.9435272216797,8.70426559448238,"38.1667_-123.4833"
"617",38.1667,-123.4833,2017,5,7,5.7,10.0489654541015,8.65324783325191,"38.1667_-123.4833"
"618",38.1667,-123.4833,2017,5,8,5.8,9.68138504028316,8.53219318389888,"38.1667_-123.4833"
"619",38.1667,-123.4833,2017,5,9,5.9,9.68049335479732,8.55480480194087,"38.1667_-123.4833"
"620",38.1667,-123.4833,2017,5,10,5.1,10.5221996307372,8.62910938262934,"38.1667_-123.4833"
"621",38.1667,-123.4833,2017,5,11,5.11,10.3856258392334,8.5835971832275,"38.1667_-123.4833"
"622",38.1667,-123.4833,2017,5,12,5.12,10.5312280654907,8.52311229705805,"38.1667_-123.4833"
"623",38.1667,-123.4833,2017,5,13,5.13,11.4481840133666,8.340048789978,"38.1667_-123.4833"
"624",38.1667,-123.4833,2017,5,14,5.14,10.6165008544921,8.37054634094235,"38.1667_-123.4833"
"625",38.1667,-123.4833,2017,5,15,5.15,9.64835548400875,8.37943840026851,"38.1667_-123.4833"
"626",38.1667,-123.4833,2017,5,16,5.16,10.5315618515014,8.59670829772944,"38.1667_-123.4833"
"627",38.1667,-123.4833,2017,5,17,5.17,10.912540435791,8.87721347808833,"38.1667_-123.4833"
"628",38.1667,-123.4833,2017,5,18,5.18,10.2585687637329,9.08939456939692,"38.1667_-123.4833"
"629",38.1667,-123.4833,2017,5,19,5.19,10.1184711456298,8.98338508605952,"38.1667_-123.4833"
"630",38.1667,-123.4833,2017,5,20,5.2,10.0246353149414,8.81402683258051,"38.1667_-123.4833"
"631",38.1667,-123.4833,2017,5,21,5.21,10.5572633743286,8.77929496765132,"38.1667_-123.4833"
"632",38.1667,-123.4833,2017,5,22,5.22,9.77797222137446,8.06277847290033,"38.1667_-123.4833"
"633",38.1667,-123.4833,2017,5,23,5.23,10.309998512268,7.91008377075191,"38.1667_-123.4833"
"634",38.1667,-123.4833,2017,5,24,5.24,11.0189704895019,7.96913671493526,"38.1667_-123.4833"
"635",38.1667,-123.4833,2017,5,25,5.25,9.84735584259028,7.99315595626827,"38.1667_-123.4833"
"636",38.1667,-123.4833,2017,5,26,5.26,9.21204566955563,7.56260681152339,"38.1667_-123.4833"
"637",38.1667,-123.4833,2017,5,27,5.27,10.1393270492553,7.65464544296261,"38.1667_-123.4833"
"638",38.1667,-123.4833,2017,5,28,5.28,9.97116947174069,7.75159502029415,"38.1667_-123.4833"
"639",38.1667,-123.4833,2017,5,29,5.29,9.23801708221431,7.84593105316159,"38.1667_-123.4833"
"640",38.1667,-123.4833,2017,5,30,5.3,10.8887586593627,8.55674362182612,"38.1667_-123.4833"
"641",38.1667,-123.4833,2017,5,31,5.31,10.4791450500488,8.24919509887691,"38.1667_-123.4833"
"642",38.1667,-123.4833,2017,6,1,6.1,10.1128940582275,8.0545682907104,"38.1667_-123.4833"
"643",38.1667,-123.4833,2017,6,2,6.2,10.8675537109374,8.29957199096675,"38.1667_-123.4833"
"644",38.1667,-123.4833,2017,6,3,6.3,11.2174882888794,8.27172374725336,"38.1667_-123.4833"
"645",38.1667,-123.4833,2017,6,4,6.4,11.1602344512939,8.37748146057123,"38.1667_-123.4833"
"646",38.1667,-123.4833,2017,6,5,6.5,10.9557189941406,8.44964599609369,"38.1667_-123.4833"
"647",38.1667,-123.4833,2017,6,6,6.6,11.06871509552,8.47000598907468,"38.1667_-123.4833"
"648",38.1667,-123.4833,2017,6,7,6.7,10.3101730346679,8.17476844787592,"38.1667_-123.4833"
"649",38.1667,-123.4833,2017,6,8,6.8,9.68499851226801,8.32064247131342,"38.1667_-123.4833"
"650",38.1667,-123.4833,2017,6,9,6.9,10.1489849090576,8.43086528778072,"38.1667_-123.4833"
"651",38.1667,-123.4833,2017,6,10,6.1,12.1378707885742,8.39280891418453,"38.1667_-123.4833"
"652",38.1667,-123.4833,2017,6,11,6.11,11.8553018569946,8.80883979797359,"38.1667_-123.4833"
"653",38.1667,-123.4833,2017,6,12,6.12,11.3600234985351,8.78527832031245,"38.1667_-123.4833"
"654",38.1667,-123.4833,2017,6,13,6.13,10.9516553878784,8.50058174133295,"38.1667_-123.4833"
"655",38.1667,-123.4833,2017,6,14,6.14,10.7503881454467,8.24489402770992,"38.1667_-123.4833"
"656",38.1667,-123.4833,2017,6,15,6.15,10.6761226654052,8.29806995391841,"38.1667_-123.4833"
"657",38.1667,-123.4833,2017,6,16,6.16,10.3529176712036,8.49433994293207,"38.1667_-123.4833"
"658",38.1667,-123.4833,2017,6,17,6.17,10.3931846618652,8.53421497344966,"38.1667_-123.4833"
"659",38.1667,-123.4833,2017,6,18,6.18,10.6216011047363,8.51148605346676,"38.1667_-123.4833"
"660",38.1667,-123.4833,2017,6,19,6.19,10.4545049667358,7.91528987884517,"38.1667_-123.4833"
"661",38.1667,-123.4833,2017,6,20,6.2,10.3446340560913,8.20352554321286,"38.1667_-123.4833"
"662",38.1667,-123.4833,2017,6,21,6.21,10.168809890747,8.31540107727048,"38.1667_-123.4833"
"663",38.1667,-123.4833,2017,6,22,6.22,10.7199325561523,8.28507614135737,"38.1667_-123.4833"
"664",38.1667,-123.4833,2017,6,23,6.23,9.80393314361569,6.95999622344968,"38.1667_-123.4833"
"665",38.1667,-123.4833,2017,6,24,6.24,9.92101383209223,7.07187700271602,"38.1667_-123.4833"
"666",38.1667,-123.4833,2017,6,25,6.25,10.9640426635742,7.06537103652948,"38.1667_-123.4833"
"667",38.1667,-123.4833,2017,6,26,6.26,10.8333196640014,7.18562364578244,"38.1667_-123.4833"
"668",38.1667,-123.4833,2017,6,27,6.27,11.5068817138672,8.35503196716303,"38.1667_-123.4833"
"669",38.1667,-123.4833,2017,6,28,6.28,12.433385848999,8.32417106628412,"38.1667_-123.4833"
"670",38.1667,-123.4833,2017,6,29,6.29,13.0660095214843,7.88689613342282,"38.1667_-123.4833"
"671",38.1667,-123.4833,2017,6,30,6.3,12.7288198471069,8.35495471954343,"38.1667_-123.4833"
"672",38.1667,-123.4833,2017,7,1,7.1,11.3995704650878,8.82307720184321,"38.1667_-123.4833"
"673",38.1667,-123.4833,2017,7,2,7.2,10.8424558639526,8.85501956939692,"38.1667_-123.4833"
"674",38.1667,-123.4833,2017,7,3,7.3,10.6307573318481,8.89037609100339,"38.1667_-123.4833"
"675",38.1667,-123.4833,2017,7,10,7.1,10.4398050308227,8.50303554534908,"38.1667_-123.4833"
"676",38.1667,-123.4833,2017,7,11,7.11,10.9098749160766,8.72150039672846,"38.1667_-123.4833"
"677",38.1667,-123.4833,2017,7,12,7.12,11.6559162139892,8.74413776397701,"38.1667_-123.4833"
"678",38.1667,-123.4833,2017,7,13,7.13,11.2701206207275,8.12147998809811,"38.1667_-123.4833"
"679",38.1667,-123.4833,2017,7,14,7.14,11.6772441864013,8.17213439941403,"38.1667_-123.4833"
"680",38.1667,-123.4833,2017,7,15,7.15,11.8043298721313,7.81817913055417,"38.1667_-123.4833"
"681",38.1667,-123.4833,2017,7,16,7.16,10.7632284164428,7.98820447921748,"38.1667_-123.4833"
"682",38.1667,-123.4833,2017,7,17,7.17,11.7011823654174,8.6026821136474,"38.1667_-123.4833"
"683",38.1667,-123.4833,2017,7,18,7.18,12.0910654067993,8.49339675903315,"38.1667_-123.4833"
"684",38.1667,-123.4833,2017,7,19,7.19,11.792908668518,8.55314350128168,"38.1667_-123.4833"
"685",38.1667,-123.4833,2017,7,20,7.2,11.1753807067871,8.51916217803951,"38.1667_-123.4833"
"686",38.1667,-123.4833,2017,7,21,7.21,11.4127759933471,8.62454128265376,"38.1667_-123.4833"
"687",38.1667,-123.4833,2017,7,22,7.22,11.0793972015381,8.66752147674557,"38.1667_-123.4833"
"688",38.1667,-123.4833,2017,7,23,7.23,11.1467103958129,8.70088768005366,"38.1667_-123.4833"
"689",38.1667,-123.4833,2017,7,24,7.24,11.5613174438476,8.69166088104243,"38.1667_-123.4833"
"690",38.1667,-123.4833,2017,7,25,7.25,9.27451038360592,8.2654771804809,"38.1667_-123.4833"
"691",38.1667,-123.4833,2017,7,26,7.26,9.64832782745358,8.24656677246089,"38.1667_-123.4833"
"692",38.1667,-123.4833,2017,7,27,7.27,10.1555099487304,8.28838443756098,"38.1667_-123.4833"
"693",38.1667,-123.4833,2017,7,28,7.28,9.84396362304684,8.71619701385495,"38.1667_-123.4833"
"694",38.1667,-123.4833,2017,7,29,7.29,11.4531755447387,9.50288200378414,"38.1667_-123.4833"
"695",38.1667,-123.4833,2017,7,30,7.3,12.2170991897583,9.59668540954586,"38.1667_-123.4833"
"696",38.1667,-123.4833,2017,7,31,7.31,12.8769636154174,9.71587944030757,"38.1667_-123.4833"
"697",38.1667,-123.4833,2018,4,1,4.1,11.9525556564331,9.00884246826166,"38.1667_-123.4833"
"698",38.1667,-123.4833,2018,4,2,4.2,11.344271659851,9.05043792724604,"38.1667_-123.4833"
"699",38.1667,-123.4833,2018,4,3,4.3,10.6927328109741,9.22673797607416,"38.1667_-123.4833"
"700",38.1667,-123.4833,2018,4,4,4.4,10.4492168426513,9.18441677093502,"38.1667_-123.4833"
"701",38.1667,-123.4833,2018,4,5,4.5,10.4305152893066,9.20709323883051,"38.1667_-123.4833"
"702",38.1667,-123.4833,2018,4,6,4.6,10.6899642944336,9.1265840530395,"38.1667_-123.4833"
"703",38.1667,-123.4833,2018,4,7,4.7,9.97832584381099,8.67537498474118,"38.1667_-123.4833"
"704",38.1667,-123.4833,2018,4,8,4.8,10.3423748016357,8.78665637969966,"38.1667_-123.4833"
"705",38.1667,-123.4833,2018,4,9,4.9,10.8592119216919,8.85620498657223,"38.1667_-123.4833"
"706",38.1667,-123.4833,2018,4,10,4.1,11.6124076843262,8.84769916534421,"38.1667_-123.4833"
"707",38.1667,-123.4833,2018,4,11,4.11,11.8411722183227,9.30562019348141,"38.1667_-123.4833"
"708",38.1667,-123.4833,2018,4,12,4.12,11.2338399887085,9.32454013824459,"38.1667_-123.4833"
"709",38.1667,-123.4833,2018,4,13,4.13,10.8935832977295,9.26879119873042,"38.1667_-123.4833"
"710",38.1667,-123.4833,2018,4,14,4.14,10.6056489944458,9.05472755432126,"38.1667_-123.4833"
"711",38.1667,-123.4833,2018,4,15,4.15,10.4015188217163,9.05978584289547,"38.1667_-123.4833"
"712",38.1667,-123.4833,2018,4,16,4.16,10.3771829605102,9.09518051147456,"38.1667_-123.4833"
"713",38.1667,-123.4833,2018,4,17,4.17,10.4078302383422,9.02496528625483,"38.1667_-123.4833"
"714",38.1667,-123.4833,2018,4,18,4.18,10.3039274215698,8.95461463928219,"38.1667_-123.4833"
"715",38.1667,-123.4833,2018,4,19,4.19,10.5422773361206,8.50717830657955,"38.1667_-123.4833"
"716",38.1667,-123.4833,2018,4,20,4.2,10.8618860244751,8.48527526855463,"38.1667_-123.4833"
"717",38.1667,-123.4833,2018,4,21,4.21,11.7657976150512,8.8910932540893,"38.1667_-123.4833"
"718",38.1667,-123.4833,2018,4,22,4.22,12.211555480957,9.83118629455561,"38.1667_-123.4833"
"719",38.1667,-123.4833,2018,4,23,4.23,11.315559387207,9.89758205413813,"38.1667_-123.4833"
"720",38.1667,-123.4833,2018,4,24,4.24,11.3536386489868,9.77215671539303,"38.1667_-123.4833"
"721",38.1667,-123.4833,2018,4,25,4.25,11.5999307632446,9.68161773681635,"38.1667_-123.4833"
"722",38.1667,-123.4833,2018,4,26,4.26,11.8848409652709,9.64046478271481,"38.1667_-123.4833"
"723",38.1667,-123.4833,2018,4,27,4.27,11.2794370651245,9.4610910415649,"38.1667_-123.4833"
"724",38.1667,-123.4833,2018,4,28,4.28,11.7496852874755,9.32514667510983,"38.1667_-123.4833"
"725",38.1667,-123.4833,2018,4,29,4.29,12.2508707046508,8.83399963378903,"38.1667_-123.4833"
"726",38.1667,-123.4833,2018,4,30,4.3,11.943416595459,8.94248485565182,"38.1667_-123.4833"
"727",38.1667,-123.4833,2018,5,1,5.1,11.2351474761962,9.06651592254633,"38.1667_-123.4833"
"728",38.1667,-123.4833,2018,5,2,5.2,11.2484655380248,9.18507099151608,"38.1667_-123.4833"
"729",38.1667,-123.4833,2018,5,3,5.3,11.374698638916,9.28701686859126,"38.1667_-123.4833"
"730",38.1667,-123.4833,2018,5,4,5.4,11.5321941375732,9.41830158233639,"38.1667_-123.4833"
"731",38.1667,-123.4833,2018,5,5,5.5,11.2794456481933,9.38800716400143,"38.1667_-123.4833"
"732",38.1667,-123.4833,2018,5,6,5.6,11.4716253280639,9.46516895294186,"38.1667_-123.4833"
"733",38.1667,-123.4833,2018,5,7,5.7,11.5066194534301,9.58023738861079,"38.1667_-123.4833"
"734",38.1667,-123.4833,2018,5,8,5.8,11.2941093444824,9.42249202728268,"38.1667_-123.4833"
"735",38.1667,-123.4833,2018,5,9,5.9,11.6003074645995,9.36397743225093,"38.1667_-123.4833"
"736",38.1667,-123.4833,2018,5,10,5.1,10.7173538208007,8.98659896850581,"38.1667_-123.4833"
"737",38.1667,-123.4833,2018,5,11,5.11,10.5456094741821,9.22740077972406,"38.1667_-123.4833"
"738",38.1667,-123.4833,2018,5,12,5.12,11.1011781692505,9.53805446624753,"38.1667_-123.4833"
"739",38.1667,-123.4833,2018,5,13,5.13,11.4311981201172,9.32627868652339,"38.1667_-123.4833"
"740",38.1667,-123.4833,2018,5,14,5.14,12.0798263549804,9.64637279510495,"38.1667_-123.4833"
"741",38.1667,-123.4833,2018,5,15,5.15,12.4461965560913,9.7335987091064,"38.1667_-123.4833"
"742",38.1667,-123.4833,2018,5,16,5.16,13.2238464355468,9.92948913574215,"38.1667_-123.4833"
"743",38.1667,-123.4833,2018,5,17,5.17,12.8175725936889,10.0205297470092,"38.1667_-123.4833"
"744",38.1667,-123.4833,2018,5,18,5.18,12.2108669281006,9.99047374725336,"38.1667_-123.4833"
"745",38.1667,-123.4833,2018,5,19,5.19,11.700192451477,9.90262508392331,"38.1667_-123.4833"
"746",38.1667,-123.4833,2018,5,20,5.2,11.3193407058715,9.82683849334712,"38.1667_-123.4833"
"747",38.1667,-123.4833,2018,5,21,5.21,11.104299545288,9.59448242187496,"38.1667_-123.4833"
"748",38.1667,-123.4833,2018,5,22,5.22,11.1393461227416,9.51292610168451,"38.1667_-123.4833"
"749",38.1667,-123.4833,2018,5,23,5.23,11.0486116409301,9.40779781341547,"38.1667_-123.4833"
"750",38.1667,-123.4833,2018,5,24,5.24,11.1605434417724,9.21938323974606,"38.1667_-123.4833"
"751",38.1667,-123.4833,2018,5,25,5.25,11.7588768005371,8.83841419219967,"38.1667_-123.4833"
"752",38.1667,-123.4833,2018,5,26,5.26,12.5154314041137,8.83060264587398,"38.1667_-123.4833"
"753",38.1667,-123.4833,2018,5,27,5.27,11.4540338516235,8.86772823333735,"38.1667_-123.4833"
"754",38.1667,-123.4833,2018,5,28,5.28,11.2121105194091,9.01335906982417,"38.1667_-123.4833"
"755",38.1667,-123.4833,2018,5,29,5.29,11.7703418731689,9.09353923797602,"38.1667_-123.4833"
"756",38.1667,-123.4833,2018,5,30,5.3,11.405668258667,8.99439048767085,"38.1667_-123.4833"
"757",38.1667,-123.4833,2018,5,31,5.31,10.9985055923462,8.83398246765132,"38.1667_-123.4833"
"758",38.1667,-123.4833,2018,6,1,6.1,11.096284866333,8.67946720123285,"38.1667_-123.4833"
"759",38.1667,-123.4833,2018,6,2,6.2,11.6210412979126,8.74841022491451,"38.1667_-123.4833"
"760",38.1667,-123.4833,2018,6,3,6.3,11.9077005386352,8.76842308044429,"38.1667_-123.4833"
"761",38.1667,-123.4833,2018,6,4,6.4,12.0085163116455,8.69938659667964,"38.1667_-123.4833"
"762",38.1667,-123.4833,2018,6,5,6.5,11.6403112411498,8.71739006042475,"38.1667_-123.4833"
"763",38.1667,-123.4833,2018,6,6,6.6,12.2369661331176,8.82943058013912,"38.1667_-123.4833"
"764",38.1667,-123.4833,2018,6,7,6.7,11.8798484802245,8.93486118316645,"38.1667_-123.4833"
"765",38.1667,-123.4833,2018,6,8,6.8,11.3887367248535,8.96257400512692,"38.1667_-123.4833"
"766",38.1667,-123.4833,2018,6,9,6.9,12.0441055297851,9.09175777435299,"38.1667_-123.4833"
"767",38.1667,-123.4833,2018,6,10,6.1,13.3060445785522,9.22619533538813,"38.1667_-123.4833"
"768",38.1667,-123.4833,2018,6,11,6.11,13.2309970855712,9.18786430358883,"38.1667_-123.4833"
"769",38.1667,-123.4833,2018,6,12,6.12,12.7267208099365,9.18304538726801,"38.1667_-123.4833"
"770",38.1667,-123.4833,2018,6,13,6.13,12.2266159057617,9.00824642181391,"38.1667_-123.4833"
"771",38.1667,-123.4833,2018,6,14,6.14,11.7055702209472,8.79620742797846,"38.1667_-123.4833"
"772",38.1667,-123.4833,2018,6,15,6.15,11.577220916748,8.66635036468501,"38.1667_-123.4833"
"773",38.1667,-123.4833,2018,6,16,6.16,11.5435647964477,8.67894363403315,"38.1667_-123.4833"
"774",38.1667,-123.4833,2018,6,17,6.17,11.7223234176636,8.72541999816889,"38.1667_-123.4833"
"775",38.1667,-123.4833,2018,6,18,6.18,11.9370698928833,8.75527095794673,"38.1667_-123.4833"
"776",38.1667,-123.4833,2018,6,19,6.19,12.5916538238525,8.90601253509516,"38.1667_-123.4833"
"777",38.1667,-123.4833,2018,6,20,6.2,12.2002153396606,8.89086055755611,"38.1667_-123.4833"
"778",38.1667,-123.4833,2018,6,21,6.21,11.2154064178466,8.92472839355463,"38.1667_-123.4833"
"779",38.1667,-123.4833,2018,6,22,6.22,11.4602785110473,9.0955486297607,"38.1667_-123.4833"
"780",38.1667,-123.4833,2018,6,23,6.23,11.5991554260253,9.07625484466548,"38.1667_-123.4833"
"781",38.1667,-123.4833,2018,6,24,6.24,11.5227499008178,9.14694213867184,"38.1667_-123.4833"
"782",38.1667,-123.4833,2018,6,25,6.25,11.5589570999145,9.06683826446529,"38.1667_-123.4833"
"783",38.1667,-123.4833,2018,6,26,6.26,11.5908823013305,8.84623813629146,"38.1667_-123.4833"
"784",38.1667,-123.4833,2018,6,27,6.27,11.6923866271972,8.88934421539302,"38.1667_-123.4833"
"785",38.1667,-123.4833,2018,6,28,6.28,11.9964303970336,9.04216480255122,"38.1667_-123.4833"
"786",38.1667,-123.4833,2018,6,29,6.29,11.8183059692383,9.06120491027827,"38.1667_-123.4833"
"787",38.1667,-123.4833,2018,6,30,6.3,10.4128856658935,9.18802261352536,"38.1667_-123.4833"
"788",38.1667,-123.4833,2018,7,1,7.1,10.039547920227,9.19552993774409,"38.1667_-123.4833"
"789",38.1667,-123.4833,2018,7,2,7.2,10.8295831680297,9.29871463775631,"38.1667_-123.4833"
"790",38.1667,-123.4833,2018,7,3,7.3,11.7197799682617,9.21727275848383,"38.1667_-123.4833"
"791",38.1667,-123.4833,2018,7,10,7.1,11.1093139648437,9.18273162841792,"38.1667_-123.4833"
"792",38.1667,-123.4833,2018,7,11,7.11,11.3109712600708,9.2829389572143,"38.1667_-123.4833"
"793",38.1667,-123.4833,2018,7,12,7.12,9.70102500915522,8.92572784423824,"38.1667_-123.4833"
"794",38.1667,-123.4833,2018,7,13,7.13,9.59505653381342,9.02784442901606,"38.1667_-123.4833"
"795",38.1667,-123.4833,2018,7,14,7.14,10.773398399353,8.97675323486324,"38.1667_-123.4833"
"796",38.1667,-123.4833,2018,7,15,7.15,12.1291913986205,8.95706081390377,"38.1667_-123.4833"
"797",38.1667,-123.4833,2018,7,23,7.23,13.3044137954711,9.83131599426264,"38.1667_-123.4833"
"798",38.1667,-123.4833,2018,7,24,7.24,15.1567316055298,10.1917219161987,"38.1667_-123.4833"
"799",38.1667,-123.4833,2018,7,25,7.25,14.4917526245116,9.97629928588863,"38.1667_-123.4833"
"800",38.1667,-123.4833,2018,7,26,7.26,13.6601076126098,9.98522281646725,"38.1667_-123.4833"
"801",38.1667,-123.4833,2018,7,27,7.27,12.7607564926147,9.88137340545649,"38.1667_-123.4833"
"802",38.1667,-123.4833,2018,7,28,7.28,12.1514234542846,9.12123680114743,"38.1667_-123.4833"
"803",38.1667,-123.4833,2018,7,29,7.29,11.5130968093872,9.02463531494135,"38.1667_-123.4833"
"804",38.1667,-123.4833,2018,7,30,7.3,11.3639802932739,9.14279174804682,"38.1667_-123.4833"
"805",38.1667,-123.4833,2018,7,31,7.31,11.1865911483764,9.28119850158686,"38.1667_-123.4833"
