"","lat","lon","year","month","day","monthDay","temp_2","lat_lon"
"1",34.40917,-120.2261,2011,4,1,"4.1",12.0923929214477,"34.40917_-120.2261"
"2",34.40917,-120.2261,2011,4,2,"4.2",11.9018564224243,"34.40917_-120.2261"
"3",34.40917,-120.2261,2011,4,3,"4.3",11.5286960601806,"34.40917_-120.2261"
"4",34.40917,-120.2261,2011,4,4,"4.4",11.4532289505004,"34.40917_-120.2261"
"5",34.40917,-120.2261,2011,4,5,"4.5",11.7647447586059,"34.40917_-120.2261"
"6",34.40917,-120.2261,2011,4,6,"4.6",12.6047077178954,"34.40917_-120.2261"
"7",34.40917,-120.2261,2011,4,7,"4.7",11.0720739364623,"34.40917_-120.2261"
"8",34.40917,-120.2261,2011,4,8,"4.8",11.2862758636474,"34.40917_-120.2261"
"9",34.40917,-120.2261,2011,4,9,"4.9",11.4828023910522,"34.40917_-120.2261"
"10",34.40917,-120.2261,2011,4,10,"4.10",12.0612506866455,"34.40917_-120.2261"
"11",34.40917,-120.2261,2011,4,11,"4.11",12.5179347991943,"34.40917_-120.2261"
"12",34.40917,-120.2261,2011,4,12,"4.12",12.4018077850341,"34.40917_-120.2261"
"13",34.40917,-120.2261,2011,4,13,"4.13",11.8905344009399,"34.40917_-120.2261"
"14",34.40917,-120.2261,2011,4,14,"4.14",12.287184715271,"34.40917_-120.2261"
"15",34.40917,-120.2261,2011,4,15,"4.15",12.2647047042846,"34.40917_-120.2261"
"16",34.40917,-120.2261,2011,4,16,"4.16",12.1084175109863,"34.40917_-120.2261"
"17",34.40917,-120.2261,2011,4,17,"4.17",12.5692129135132,"34.40917_-120.2261"
"18",34.40917,-120.2261,2011,4,18,"4.18",12.5208692550659,"34.40917_-120.2261"
"19",34.40917,-120.2261,2011,4,19,"4.19",11.5263547897338,"34.40917_-120.2261"
"20",34.40917,-120.2261,2011,4,20,"4.20",11.7933702468872,"34.40917_-120.2261"
"21",34.40917,-120.2261,2011,4,21,"4.21",12.1923513412475,"34.40917_-120.2261"
"22",34.40917,-120.2261,2011,4,22,"4.22",12.2337923049926,"34.40917_-120.2261"
"23",34.40917,-120.2261,2011,4,23,"4.23",11.4138059616088,"34.40917_-120.2261"
"24",34.40917,-120.2261,2011,4,24,"4.24",12.7627782821655,"34.40917_-120.2261"
"25",34.40917,-120.2261,2011,4,25,"4.25",12.4253377914428,"34.40917_-120.2261"
"26",34.40917,-120.2261,2011,4,26,"4.26",11.6478786468505,"34.40917_-120.2261"
"27",34.40917,-120.2261,2011,4,27,"4.27",10.9705410003662,"34.40917_-120.2261"
"28",34.40917,-120.2261,2011,4,28,"4.28",11.2913599014282,"34.40917_-120.2261"
"29",34.40917,-120.2261,2011,4,29,"4.29",11.9148597717285,"34.40917_-120.2261"
"30",34.40917,-120.2261,2011,4,30,"4.30",11.85871219635,"34.40917_-120.2261"
"31",34.40917,-120.2261,2011,5,1,"5.1",12.0897760391235,"34.40917_-120.2261"
"32",34.40917,-120.2261,2011,5,2,"5.2",12.0156126022338,"34.40917_-120.2261"
"33",34.40917,-120.2261,2011,5,3,"5.3",12.0876989364623,"34.40917_-120.2261"
"34",34.40917,-120.2261,2011,5,4,"5.4",11.8102893829345,"34.40917_-120.2261"
"35",34.40917,-120.2261,2011,5,5,"5.5",11.094630241394,"34.40917_-120.2261"
"36",34.40917,-120.2261,2011,5,6,"5.6",10.6776790618896,"34.40917_-120.2261"
"37",34.40917,-120.2261,2011,5,7,"5.7",11.6459627151489,"34.40917_-120.2261"
"38",34.40917,-120.2261,2011,5,8,"5.8",11.8358640670776,"34.40917_-120.2261"
"39",34.40917,-120.2261,2011,5,9,"5.9",10.2944221496582,"34.40917_-120.2261"
"40",34.40917,-120.2261,2011,5,10,"5.10",11.7869777679443,"34.40917_-120.2261"
"41",34.40917,-120.2261,2011,5,11,"5.11",11.9274063110351,"34.40917_-120.2261"
"42",34.40917,-120.2261,2011,5,12,"5.12",12.2027549743652,"34.40917_-120.2261"
"43",34.40917,-120.2261,2011,5,13,"5.13",12.7093524932861,"34.40917_-120.2261"
"44",34.40917,-120.2261,2011,5,14,"5.14",13.0907535552978,"34.40917_-120.2261"
"45",34.40917,-120.2261,2011,5,15,"5.15",12.8062601089477,"34.40917_-120.2261"
"46",34.40917,-120.2261,2011,5,16,"5.16",12.6261367797851,"34.40917_-120.2261"
"47",34.40917,-120.2261,2011,5,17,"5.17",12.7437543869018,"34.40917_-120.2261"
"48",34.40917,-120.2261,2011,5,18,"5.18",12.491545677185,"34.40917_-120.2261"
"49",34.40917,-120.2261,2011,5,19,"5.19",12.0534439086914,"34.40917_-120.2261"
"50",34.40917,-120.2261,2011,5,20,"5.20",11.779146194458,"34.40917_-120.2261"
"51",34.40917,-120.2261,2011,5,21,"5.21",11.7432565689087,"34.40917_-120.2261"
"52",34.40917,-120.2261,2011,5,22,"5.22",11.8167676925658,"34.40917_-120.2261"
"53",34.40917,-120.2261,2011,5,23,"5.23",13.3557147979736,"34.40917_-120.2261"
"54",34.40917,-120.2261,2011,5,24,"5.24",12.9521760940551,"34.40917_-120.2261"
"55",34.40917,-120.2261,2011,5,25,"5.25",12.4605102539062,"34.40917_-120.2261"
"56",34.40917,-120.2261,2011,5,26,"5.26",13.4732246398925,"34.40917_-120.2261"
"57",34.40917,-120.2261,2011,5,27,"5.27",13.1338624954223,"34.40917_-120.2261"
"58",34.40917,-120.2261,2011,5,28,"5.28",11.5071210861205,"34.40917_-120.2261"
"59",34.40917,-120.2261,2011,5,29,"5.29",11.4808130264282,"34.40917_-120.2261"
"60",34.40917,-120.2261,2011,5,30,"5.30",11.5908145904541,"34.40917_-120.2261"
"61",34.40917,-120.2261,2011,5,31,"5.31",11.3610229492187,"34.40917_-120.2261"
"62",34.40917,-120.2261,2011,6,1,"6.1",11.4906911849975,"34.40917_-120.2261"
"63",34.40917,-120.2261,2011,6,2,"6.2",11.3433370590209,"34.40917_-120.2261"
"64",34.40917,-120.2261,2011,6,3,"6.3",11.0476236343383,"34.40917_-120.2261"
"65",34.40917,-120.2261,2011,6,4,"6.4",11.1124687194824,"34.40917_-120.2261"
"66",34.40917,-120.2261,2011,6,5,"6.5",11.3557386398315,"34.40917_-120.2261"
"67",34.40917,-120.2261,2011,6,6,"6.6",11.9162235260009,"34.40917_-120.2261"
"68",34.40917,-120.2261,2011,6,7,"6.7",12.7844944000243,"34.40917_-120.2261"
"69",34.40917,-120.2261,2011,6,8,"6.8",12.7503290176391,"34.40917_-120.2261"
"70",34.40917,-120.2261,2011,6,9,"6.9",12.621356010437,"34.40917_-120.2261"
"71",34.40917,-120.2261,2011,6,10,"6.10",11.9894084930419,"34.40917_-120.2261"
"72",34.40917,-120.2261,2011,6,11,"6.11",12.542477607727,"34.40917_-120.2261"
"73",34.40917,-120.2261,2011,6,12,"6.12",13.048635482788,"34.40917_-120.2261"
"74",34.40917,-120.2261,2011,6,13,"6.13",11.8874206542968,"34.40917_-120.2261"
"75",34.40917,-120.2261,2011,6,14,"6.14",11.8131608963012,"34.40917_-120.2261"
"76",34.40917,-120.2261,2011,6,15,"6.15",12.624508857727,"34.40917_-120.2261"
"77",34.40917,-120.2261,2011,6,16,"6.16",13.3198261260986,"34.40917_-120.2261"
"78",34.40917,-120.2261,2011,6,17,"6.17",13.6079740524292,"34.40917_-120.2261"
"79",34.40917,-120.2261,2011,6,18,"6.18",14.0995035171508,"34.40917_-120.2261"
"80",34.40917,-120.2261,2011,6,19,"6.19",13.4823226928711,"34.40917_-120.2261"
"81",34.40917,-120.2261,2011,6,20,"6.20",13.2507705688476,"34.40917_-120.2261"
"82",34.40917,-120.2261,2011,6,21,"6.21",14.7851057052612,"34.40917_-120.2261"
"83",34.40917,-120.2261,2011,6,22,"6.22",15.6866197586059,"34.40917_-120.2261"
"84",34.40917,-120.2261,2011,6,23,"6.23",14.294240951538,"34.40917_-120.2261"
"85",34.40917,-120.2261,2011,6,24,"6.24",13.2538604736328,"34.40917_-120.2261"
"86",34.40917,-120.2261,2011,6,25,"6.25",13.1525201797485,"34.40917_-120.2261"
"87",34.40917,-120.2261,2011,6,26,"6.26",12.3771038055419,"34.40917_-120.2261"
"88",34.40917,-120.2261,2011,6,27,"6.27",14.714653968811,"34.40917_-120.2261"
"89",34.40917,-120.2261,2011,6,28,"6.28",14.5995578765869,"34.40917_-120.2261"
"90",34.40917,-120.2261,2011,6,29,"6.29",14.4566612243652,"34.40917_-120.2261"
"91",34.40917,-120.2261,2011,6,30,"6.30",15.0819234848022,"34.40917_-120.2261"
"92",34.40917,-120.2261,2011,7,1,"7.1",15.6919679641723,"34.40917_-120.2261"
"93",34.40917,-120.2261,2011,7,2,"7.2",16.0238590240478,"34.40917_-120.2261"
"94",34.40917,-120.2261,2011,7,3,"7.3",16.715051651001,"34.40917_-120.2261"
"95",34.40917,-120.2261,2011,7,4,"7.4",17.5846195220947,"34.40917_-120.2261"
"96",34.40917,-120.2261,2011,7,5,"7.5",17.3684921264648,"34.40917_-120.2261"
"97",34.40917,-120.2261,2011,7,6,"7.6",17.5238437652588,"34.40917_-120.2261"
"98",34.40917,-120.2261,2011,7,7,"7.7",17.0536937713622,"34.40917_-120.2261"
"99",34.40917,-120.2261,2011,7,8,"7.8",14.7344923019409,"34.40917_-120.2261"
"100",34.40917,-120.2261,2011,7,9,"7.9",17.9073772430419,"34.40917_-120.2261"
"101",34.40917,-120.2261,2011,7,10,"7.10",16.4388923645019,"34.40917_-120.2261"
"102",34.40917,-120.2261,2011,7,11,"7.11",16.3307075500488,"34.40917_-120.2261"
"103",34.40917,-120.2261,2011,7,12,"7.12",15.9714651107788,"34.40917_-120.2261"
"104",34.40917,-120.2261,2011,7,13,"7.13",16.7803840637207,"34.40917_-120.2261"
"105",34.40917,-120.2261,2011,7,14,"7.14",16.5015068054199,"34.40917_-120.2261"
"106",34.40917,-120.2261,2011,7,15,"7.15",16.5487651824951,"34.40917_-120.2261"
"107",34.40917,-120.2261,2011,7,16,"7.16",16.1349506378174,"34.40917_-120.2261"
"108",34.40917,-120.2261,2011,7,17,"7.17",17.0895633697509,"34.40917_-120.2261"
"109",34.40917,-120.2261,2011,7,18,"7.18",17.0344276428222,"34.40917_-120.2261"
"110",34.40917,-120.2261,2011,7,19,"7.19",16.7261924743652,"34.40917_-120.2261"
"111",34.40917,-120.2261,2011,7,20,"7.20",16.415822982788,"34.40917_-120.2261"
"112",34.40917,-120.2261,2011,7,21,"7.21",16.4634799957275,"34.40917_-120.2261"
"113",34.40917,-120.2261,2011,7,22,"7.22",15.7407751083373,"34.40917_-120.2261"
"114",34.40917,-120.2261,2011,7,23,"7.23",15.2233009338378,"34.40917_-120.2261"
"115",34.40917,-120.2261,2011,7,24,"7.24",15.3446769714355,"34.40917_-120.2261"
"116",34.40917,-120.2261,2011,7,25,"7.25",16.2401256561279,"34.40917_-120.2261"
"117",34.40917,-120.2261,2011,7,26,"7.26",15.7682638168335,"34.40917_-120.2261"
"118",34.40917,-120.2261,2011,7,27,"7.27",15.6223878860473,"34.40917_-120.2261"
"119",34.40917,-120.2261,2011,7,28,"7.28",15.9225711822509,"34.40917_-120.2261"
"120",34.40917,-120.2261,2011,7,29,"7.29",16.6309642791748,"34.40917_-120.2261"
"121",34.40917,-120.2261,2011,7,30,"7.30",16.1867580413818,"34.40917_-120.2261"
"122",34.40917,-120.2261,2011,7,31,"7.31",15.2351922988891,"34.40917_-120.2261"
"123",34.40917,-120.2261,2012,4,1,"4.1",11.7276811599731,"34.40917_-120.2261"
"124",34.40917,-120.2261,2012,4,2,"4.2",12.069031715393,"34.40917_-120.2261"
"125",34.40917,-120.2261,2012,4,3,"4.3",11.9675922393799,"34.40917_-120.2261"
"126",34.40917,-120.2261,2012,4,4,"4.4",11.8059139251709,"34.40917_-120.2261"
"127",34.40917,-120.2261,2012,4,5,"4.5",10.9286336898803,"34.40917_-120.2261"
"128",34.40917,-120.2261,2012,4,6,"4.6",10.4309711456298,"34.40917_-120.2261"
"129",34.40917,-120.2261,2012,4,7,"4.7",11.1519966125488,"34.40917_-120.2261"
"130",34.40917,-120.2261,2012,4,8,"4.8",11.677053451538,"34.40917_-120.2261"
"131",34.40917,-120.2261,2012,4,9,"4.9",11.7346334457397,"34.40917_-120.2261"
"132",34.40917,-120.2261,2012,4,10,"4.10",11.655005455017,"34.40917_-120.2261"
"133",34.40917,-120.2261,2012,4,11,"4.11",12.1355772018432,"34.40917_-120.2261"
"134",34.40917,-120.2261,2012,4,12,"4.12",12.0417785644531,"34.40917_-120.2261"
"135",34.40917,-120.2261,2012,4,13,"4.13",11.8571252822876,"34.40917_-120.2261"
"136",34.40917,-120.2261,2012,4,14,"4.14",12.2064838409423,"34.40917_-120.2261"
"137",34.40917,-120.2261,2012,4,15,"4.15",11.8679256439209,"34.40917_-120.2261"
"138",34.40917,-120.2261,2012,4,16,"4.16",11.9633989334106,"34.40917_-120.2261"
"139",34.40917,-120.2261,2012,4,17,"4.17",12.2921752929687,"34.40917_-120.2261"
"140",34.40917,-120.2261,2012,4,18,"4.18",11.7752532958984,"34.40917_-120.2261"
"141",34.40917,-120.2261,2012,4,19,"4.19",11.7721719741821,"34.40917_-120.2261"
"142",34.40917,-120.2261,2012,4,20,"4.20",11.6160335540771,"34.40917_-120.2261"
"143",34.40917,-120.2261,2012,4,21,"4.21",12.0747785568237,"34.40917_-120.2261"
"144",34.40917,-120.2261,2012,4,22,"4.22",11.4052581787109,"34.40917_-120.2261"
"145",34.40917,-120.2261,2012,4,23,"4.23",12.6524696350097,"34.40917_-120.2261"
"146",34.40917,-120.2261,2012,4,24,"4.24",11.4558944702148,"34.40917_-120.2261"
"147",34.40917,-120.2261,2012,4,25,"4.25",11.671233177185,"34.40917_-120.2261"
"148",34.40917,-120.2261,2012,4,26,"4.26",13.3453397750854,"34.40917_-120.2261"
"149",34.40917,-120.2261,2012,4,27,"4.27",12.7883281707763,"34.40917_-120.2261"
"150",34.40917,-120.2261,2012,4,28,"4.28",12.1441774368286,"34.40917_-120.2261"
"151",34.40917,-120.2261,2012,4,29,"4.29",12.4516820907592,"34.40917_-120.2261"
"152",34.40917,-120.2261,2012,4,30,"4.30",11.0109539031982,"34.40917_-120.2261"
"153",34.40917,-120.2261,2012,5,1,"5.1",11.4142894744873,"34.40917_-120.2261"
"154",34.40917,-120.2261,2012,5,2,"5.2",11.7893114089965,"34.40917_-120.2261"
"155",34.40917,-120.2261,2012,5,3,"5.3",12.1238660812378,"34.40917_-120.2261"
"156",34.40917,-120.2261,2012,5,4,"5.4",12.9815835952759,"34.40917_-120.2261"
"157",34.40917,-120.2261,2012,5,5,"5.5",13.0642786026,"34.40917_-120.2261"
"158",34.40917,-120.2261,2012,5,6,"5.6",12.5183954238891,"34.40917_-120.2261"
"159",34.40917,-120.2261,2012,5,7,"5.7",12.1121788024902,"34.40917_-120.2261"
"160",34.40917,-120.2261,2012,5,8,"5.8",13.1611557006836,"34.40917_-120.2261"
"161",34.40917,-120.2261,2012,5,9,"5.9",13.7490606307983,"34.40917_-120.2261"
"162",34.40917,-120.2261,2012,5,10,"5.10",13.8098211288452,"34.40917_-120.2261"
"163",34.40917,-120.2261,2012,5,11,"5.11",13.5024690628051,"34.40917_-120.2261"
"164",34.40917,-120.2261,2012,5,12,"5.12",13.0610055923462,"34.40917_-120.2261"
"165",34.40917,-120.2261,2012,5,13,"5.13",12.7618713378906,"34.40917_-120.2261"
"166",34.40917,-120.2261,2012,5,14,"5.14",12.5342216491699,"34.40917_-120.2261"
"167",34.40917,-120.2261,2012,5,15,"5.15",12.3554515838623,"34.40917_-120.2261"
"168",34.40917,-120.2261,2012,5,16,"5.16",12.5695686340332,"34.40917_-120.2261"
"169",34.40917,-120.2261,2012,5,17,"5.17",12.6946096420288,"34.40917_-120.2261"
"170",34.40917,-120.2261,2012,5,18,"5.18",11.825364112854,"34.40917_-120.2261"
"171",34.40917,-120.2261,2012,5,19,"5.19",11.7304058074951,"34.40917_-120.2261"
"172",34.40917,-120.2261,2012,5,20,"5.20",12.7285070419311,"34.40917_-120.2261"
"173",34.40917,-120.2261,2012,5,21,"5.21",14.3142566680908,"34.40917_-120.2261"
"174",34.40917,-120.2261,2012,5,22,"5.22",14.5297651290893,"34.40917_-120.2261"
"175",34.40917,-120.2261,2012,5,23,"5.23",13.0738077163696,"34.40917_-120.2261"
"176",34.40917,-120.2261,2012,5,24,"5.24",13.3866443634033,"34.40917_-120.2261"
"177",34.40917,-120.2261,2012,5,25,"5.25",13.0718355178833,"34.40917_-120.2261"
"178",34.40917,-120.2261,2012,5,26,"5.26",12.0462436676025,"34.40917_-120.2261"
"179",34.40917,-120.2261,2012,5,27,"5.27",11.7935085296631,"34.40917_-120.2261"
"180",34.40917,-120.2261,2012,5,28,"5.28",13.9397554397583,"34.40917_-120.2261"
"181",34.40917,-120.2261,2012,5,29,"5.29",13.7463788986206,"34.40917_-120.2261"
"182",34.40917,-120.2261,2012,5,30,"5.30",13.2622337341308,"34.40917_-120.2261"
"183",34.40917,-120.2261,2012,5,31,"5.31",13.3283538818359,"34.40917_-120.2261"
"184",34.40917,-120.2261,2012,6,1,"6.1",12.2541275024413,"34.40917_-120.2261"
"185",34.40917,-120.2261,2012,6,2,"6.2",13.474760055542,"34.40917_-120.2261"
"186",34.40917,-120.2261,2012,6,3,"6.3",14.1601800918579,"34.40917_-120.2261"
"187",34.40917,-120.2261,2012,6,4,"6.4",14.3098564147949,"34.40917_-120.2261"
"188",34.40917,-120.2261,2012,6,5,"6.5",14.7489566802978,"34.40917_-120.2261"
"189",34.40917,-120.2261,2012,6,6,"6.6",13.6759099960327,"34.40917_-120.2261"
"190",34.40917,-120.2261,2012,6,7,"6.7",12.9657535552978,"34.40917_-120.2261"
"191",34.40917,-120.2261,2012,6,8,"6.8",14.510887145996,"34.40917_-120.2261"
"192",34.40917,-120.2261,2012,6,9,"6.9",13.7629880905151,"34.40917_-120.2261"
"193",34.40917,-120.2261,2012,6,10,"6.10",13.741768836975,"34.40917_-120.2261"
"194",34.40917,-120.2261,2012,6,11,"6.11",14.964861869812,"34.40917_-120.2261"
"195",34.40917,-120.2261,2012,6,12,"6.12",16.0957336425781,"34.40917_-120.2261"
"196",34.40917,-120.2261,2012,6,13,"6.13",15.1810522079468,"34.40917_-120.2261"
"197",34.40917,-120.2261,2012,6,14,"6.14",14.3400325775146,"34.40917_-120.2261"
"198",34.40917,-120.2261,2012,6,15,"6.15",14.3833608627319,"34.40917_-120.2261"
"199",34.40917,-120.2261,2012,6,16,"6.16",14.7561130523681,"34.40917_-120.2261"
"200",34.40917,-120.2261,2012,6,17,"6.17",16.0793018341064,"34.40917_-120.2261"
"201",34.40917,-120.2261,2012,6,18,"6.18",15.340404510498,"34.40917_-120.2261"
"202",34.40917,-120.2261,2012,6,19,"6.19",14.1747379302978,"34.40917_-120.2261"
"203",34.40917,-120.2261,2012,6,20,"6.20",14.6251974105834,"34.40917_-120.2261"
"204",34.40917,-120.2261,2012,6,21,"6.21",14.946231842041,"34.40917_-120.2261"
"205",34.40917,-120.2261,2012,6,22,"6.22",14.4410123825073,"34.40917_-120.2261"
"206",34.40917,-120.2261,2012,6,23,"6.23",15.0661554336547,"34.40917_-120.2261"
"207",34.40917,-120.2261,2012,6,24,"6.24",14.7873191833496,"34.40917_-120.2261"
"208",34.40917,-120.2261,2012,6,25,"6.25",14.2079830169677,"34.40917_-120.2261"
"209",34.40917,-120.2261,2012,6,26,"6.26",14.4193048477173,"34.40917_-120.2261"
"210",34.40917,-120.2261,2012,6,27,"6.27",14.9975690841674,"34.40917_-120.2261"
"211",34.40917,-120.2261,2012,6,28,"6.28",15.4245929718017,"34.40917_-120.2261"
"212",34.40917,-120.2261,2012,6,29,"6.29",14.6737022399902,"34.40917_-120.2261"
"213",34.40917,-120.2261,2012,6,30,"6.30",15.5796203613281,"34.40917_-120.2261"
"214",34.40917,-120.2261,2012,7,1,"7.1",14.4339351654052,"34.40917_-120.2261"
"215",34.40917,-120.2261,2012,7,2,"7.2",11.8527336120605,"34.40917_-120.2261"
"216",34.40917,-120.2261,2012,7,3,"7.3",13.5095129013061,"34.40917_-120.2261"
"217",34.40917,-120.2261,2012,7,4,"7.4",15.267762184143,"34.40917_-120.2261"
"218",34.40917,-120.2261,2012,7,5,"7.5",13.9371404647827,"34.40917_-120.2261"
"219",34.40917,-120.2261,2012,7,6,"7.6",13.7913665771484,"34.40917_-120.2261"
"220",34.40917,-120.2261,2012,7,7,"7.7",14.0983295440674,"34.40917_-120.2261"
"221",34.40917,-120.2261,2012,7,8,"7.8",13.9676132202148,"34.40917_-120.2261"
"222",34.40917,-120.2261,2012,7,9,"7.9",14.3403177261352,"34.40917_-120.2261"
"223",34.40917,-120.2261,2012,7,10,"7.10",13.9105863571167,"34.40917_-120.2261"
"224",34.40917,-120.2261,2012,7,11,"7.11",13.7485904693603,"34.40917_-120.2261"
"225",34.40917,-120.2261,2012,7,12,"7.12",14.1980419158935,"34.40917_-120.2261"
"226",34.40917,-120.2261,2012,7,13,"7.13",14.7818717956542,"34.40917_-120.2261"
"227",34.40917,-120.2261,2012,7,14,"7.14",14.5324163436889,"34.40917_-120.2261"
"228",34.40917,-120.2261,2012,7,15,"7.15",13.2829875946045,"34.40917_-120.2261"
"229",34.40917,-120.2261,2012,7,16,"7.16",14.5237121582031,"34.40917_-120.2261"
"230",34.40917,-120.2261,2012,7,17,"7.17",15.0604696273804,"34.40917_-120.2261"
"231",34.40917,-120.2261,2012,7,18,"7.18",15.1745290756225,"34.40917_-120.2261"
"232",34.40917,-120.2261,2012,7,19,"7.19",15.7945556640625,"34.40917_-120.2261"
"233",34.40917,-120.2261,2012,7,20,"7.20",16.0875949859619,"34.40917_-120.2261"
"234",34.40917,-120.2261,2012,7,21,"7.21",13.8141117095947,"34.40917_-120.2261"
"235",34.40917,-120.2261,2012,7,22,"7.22",13.2568550109863,"34.40917_-120.2261"
"236",34.40917,-120.2261,2012,7,23,"7.23",14.5657405853271,"34.40917_-120.2261"
"237",34.40917,-120.2261,2012,7,24,"7.24",14.353925704956,"34.40917_-120.2261"
"238",34.40917,-120.2261,2012,7,25,"7.25",14.0733919143676,"34.40917_-120.2261"
"239",34.40917,-120.2261,2012,7,26,"7.26",14.0156888961792,"34.40917_-120.2261"
"240",34.40917,-120.2261,2012,7,27,"7.27",14.24889087677,"34.40917_-120.2261"
"241",34.40917,-120.2261,2012,7,28,"7.28",14.791802406311,"34.40917_-120.2261"
"242",34.40917,-120.2261,2012,7,29,"7.29",15.3022346496581,"34.40917_-120.2261"
"243",34.40917,-120.2261,2012,7,30,"7.30",15.6777830123901,"34.40917_-120.2261"
"244",34.40917,-120.2261,2012,7,31,"7.31",15.9427242279052,"34.40917_-120.2261"
"245",34.40917,-120.2261,2013,4,1,"4.1",13.4746685028075,"34.40917_-120.2261"
"246",34.40917,-120.2261,2013,4,2,"4.2",13.8085966110229,"34.40917_-120.2261"
"247",34.40917,-120.2261,2013,4,3,"4.3",13.4265203475952,"34.40917_-120.2261"
"248",34.40917,-120.2261,2013,4,4,"4.4",13.3205394744873,"34.40917_-120.2261"
"249",34.40917,-120.2261,2013,4,5,"4.5",13.535605430603,"34.40917_-120.2261"
"250",34.40917,-120.2261,2013,4,6,"4.6",12.9294939041137,"34.40917_-120.2261"
"251",34.40917,-120.2261,2013,4,7,"4.7",12.5818557739258,"34.40917_-120.2261"
"252",34.40917,-120.2261,2013,4,8,"4.8",12.503885269165,"34.40917_-120.2261"
"253",34.40917,-120.2261,2013,4,9,"4.9",10.830563545227,"34.40917_-120.2261"
"254",34.40917,-120.2261,2013,4,10,"4.10",10.6260509490966,"34.40917_-120.2261"
"255",34.40917,-120.2261,2013,4,11,"4.11",11.199610710144,"34.40917_-120.2261"
"256",34.40917,-120.2261,2013,4,12,"4.12",12.1880655288696,"34.40917_-120.2261"
"257",34.40917,-120.2261,2013,4,13,"4.13",11.9497518539428,"34.40917_-120.2261"
"258",34.40917,-120.2261,2013,4,14,"4.14",12.2261400222778,"34.40917_-120.2261"
"259",34.40917,-120.2261,2013,4,15,"4.15",12.2921257019043,"34.40917_-120.2261"
"260",34.40917,-120.2261,2013,4,16,"4.16",11.7625303268432,"34.40917_-120.2261"
"261",34.40917,-120.2261,2013,4,17,"4.17",11.2171659469604,"34.40917_-120.2261"
"262",34.40917,-120.2261,2013,4,18,"4.18",11.4007740020752,"34.40917_-120.2261"
"263",34.40917,-120.2261,2013,4,19,"4.19",11.93062210083,"34.40917_-120.2261"
"264",34.40917,-120.2261,2013,4,20,"4.20",12.4514570236205,"34.40917_-120.2261"
"265",34.40917,-120.2261,2013,4,21,"4.21",12.336441040039,"34.40917_-120.2261"
"266",34.40917,-120.2261,2013,4,22,"4.22",12.7056350708007,"34.40917_-120.2261"
"267",34.40917,-120.2261,2013,4,23,"4.23",13.0540752410888,"34.40917_-120.2261"
"268",34.40917,-120.2261,2013,4,24,"4.24",13.2907409667969,"34.40917_-120.2261"
"269",34.40917,-120.2261,2013,4,25,"4.25",14.1202116012573,"34.40917_-120.2261"
"270",34.40917,-120.2261,2013,4,26,"4.26",14.2597951889037,"34.40917_-120.2261"
"271",34.40917,-120.2261,2013,4,27,"4.27",13.2665214538574,"34.40917_-120.2261"
"272",34.40917,-120.2261,2013,4,28,"4.28",12.4449930191039,"34.40917_-120.2261"
"273",34.40917,-120.2261,2013,4,29,"4.29",11.8637390136719,"34.40917_-120.2261"
"274",34.40917,-120.2261,2013,4,30,"4.30",12.8061952590942,"34.40917_-120.2261"
"275",34.40917,-120.2261,2013,5,1,"5.1",13.3016738891601,"34.40917_-120.2261"
"276",34.40917,-120.2261,2013,5,2,"5.2",13.2129716873169,"34.40917_-120.2261"
"277",34.40917,-120.2261,2013,5,3,"5.3",14.6688623428345,"34.40917_-120.2261"
"278",34.40917,-120.2261,2013,5,4,"5.4",14.9918766021728,"34.40917_-120.2261"
"279",34.40917,-120.2261,2013,5,5,"5.5",13.9901275634765,"34.40917_-120.2261"
"280",34.40917,-120.2261,2013,5,6,"5.6",15.8175745010375,"34.40917_-120.2261"
"281",34.40917,-120.2261,2013,5,7,"5.7",14.2241621017456,"34.40917_-120.2261"
"282",34.40917,-120.2261,2013,5,8,"5.8",15.3182115554809,"34.40917_-120.2261"
"283",34.40917,-120.2261,2013,5,9,"5.9",14.5000867843627,"34.40917_-120.2261"
"284",34.40917,-120.2261,2013,5,10,"5.10",13.1615743637084,"34.40917_-120.2261"
"285",34.40917,-120.2261,2013,5,11,"5.11",15.2248306274414,"34.40917_-120.2261"
"286",34.40917,-120.2261,2013,5,12,"5.12",14.7205982208251,"34.40917_-120.2261"
"287",34.40917,-120.2261,2013,5,13,"5.13",14.3620138168335,"34.40917_-120.2261"
"288",34.40917,-120.2261,2013,5,14,"5.14",13.3913345336914,"34.40917_-120.2261"
"289",34.40917,-120.2261,2013,5,15,"5.15",14.1344861984252,"34.40917_-120.2261"
"290",34.40917,-120.2261,2013,5,16,"5.16",14.1166677474975,"34.40917_-120.2261"
"291",34.40917,-120.2261,2013,5,17,"5.17",12.4802532196044,"34.40917_-120.2261"
"292",34.40917,-120.2261,2013,5,18,"5.18",12.0705127716064,"34.40917_-120.2261"
"293",34.40917,-120.2261,2013,5,19,"5.19",12.9793653488159,"34.40917_-120.2261"
"294",34.40917,-120.2261,2013,5,20,"5.20",12.6984634399413,"34.40917_-120.2261"
"295",34.40917,-120.2261,2013,5,21,"5.21",13.3197631835937,"34.40917_-120.2261"
"296",34.40917,-120.2261,2013,5,22,"5.22",14.4499588012695,"34.40917_-120.2261"
"297",34.40917,-120.2261,2013,5,23,"5.23",13.7524862289429,"34.40917_-120.2261"
"298",34.40917,-120.2261,2013,5,24,"5.24",14.0507555007934,"34.40917_-120.2261"
"299",34.40917,-120.2261,2013,5,25,"5.25",13.0819053649902,"34.40917_-120.2261"
"300",34.40917,-120.2261,2013,5,26,"5.26",12.6465663909912,"34.40917_-120.2261"
"301",34.40917,-120.2261,2013,5,27,"5.27",14.0709218978881,"34.40917_-120.2261"
"302",34.40917,-120.2261,2013,5,28,"5.28",13.7944402694701,"34.40917_-120.2261"
"303",34.40917,-120.2261,2013,5,29,"5.29",12.9175367355346,"34.40917_-120.2261"
"304",34.40917,-120.2261,2013,5,30,"5.30",12.8114814758301,"34.40917_-120.2261"
"305",34.40917,-120.2261,2013,5,31,"5.31",13.6340684890747,"34.40917_-120.2261"
"306",34.40917,-120.2261,2013,6,1,"6.1",13.6169853210449,"34.40917_-120.2261"
"307",34.40917,-120.2261,2013,6,2,"6.2",13.690936088562,"34.40917_-120.2261"
"308",34.40917,-120.2261,2013,6,3,"6.3",15.2062301635742,"34.40917_-120.2261"
"309",34.40917,-120.2261,2013,6,4,"6.4",14.6766948699951,"34.40917_-120.2261"
"310",34.40917,-120.2261,2013,6,5,"6.5",13.5293960571289,"34.40917_-120.2261"
"311",34.40917,-120.2261,2013,6,6,"6.6",13.1230020523071,"34.40917_-120.2261"
"312",34.40917,-120.2261,2013,6,7,"6.7",12.9577693939208,"34.40917_-120.2261"
"313",34.40917,-120.2261,2013,6,8,"6.8",13.6088027954101,"34.40917_-120.2261"
"314",34.40917,-120.2261,2013,6,9,"6.9",14.0583915710449,"34.40917_-120.2261"
"315",34.40917,-120.2261,2013,6,10,"6.10",14.9054956436157,"34.40917_-120.2261"
"316",34.40917,-120.2261,2013,6,11,"6.11",15.4988632202148,"34.40917_-120.2261"
"317",34.40917,-120.2261,2013,6,12,"6.12",16.5412883758544,"34.40917_-120.2261"
"318",34.40917,-120.2261,2013,6,13,"6.13",16.2935428619384,"34.40917_-120.2261"
"319",34.40917,-120.2261,2013,6,14,"6.14",15.3768367767334,"34.40917_-120.2261"
"320",34.40917,-120.2261,2013,6,15,"6.15",15.7755613327026,"34.40917_-120.2261"
"321",34.40917,-120.2261,2013,6,16,"6.16",16.4924545288086,"34.40917_-120.2261"
"322",34.40917,-120.2261,2013,6,17,"6.17",15.7384910583495,"34.40917_-120.2261"
"323",34.40917,-120.2261,2013,6,18,"6.18",15.1399736404419,"34.40917_-120.2261"
"324",34.40917,-120.2261,2013,6,19,"6.19",14.770788192749,"34.40917_-120.2261"
"325",34.40917,-120.2261,2013,6,20,"6.20",15.9459266662597,"34.40917_-120.2261"
"326",34.40917,-120.2261,2013,6,21,"6.21",15.1269340515136,"34.40917_-120.2261"
"327",34.40917,-120.2261,2013,6,22,"6.22",15.9358987808227,"34.40917_-120.2261"
"328",34.40917,-120.2261,2013,6,23,"6.23",15.7389583587646,"34.40917_-120.2261"
"329",34.40917,-120.2261,2013,6,24,"6.24",14.6671638488769,"34.40917_-120.2261"
"330",34.40917,-120.2261,2013,6,25,"6.25",14.3928070068359,"34.40917_-120.2261"
"331",34.40917,-120.2261,2013,6,26,"6.26",14.053183555603,"34.40917_-120.2261"
"332",34.40917,-120.2261,2013,6,27,"6.27",16.0539817810058,"34.40917_-120.2261"
"333",34.40917,-120.2261,2013,6,28,"6.28",16.2324695587158,"34.40917_-120.2261"
"334",34.40917,-120.2261,2013,6,29,"6.29",16.8894863128662,"34.40917_-120.2261"
"335",34.40917,-120.2261,2013,6,30,"6.30",16.8246898651122,"34.40917_-120.2261"
"336",34.40917,-120.2261,2013,7,1,"7.1",17.4363079071044,"34.40917_-120.2261"
"337",34.40917,-120.2261,2013,7,2,"7.2",16.5788784027099,"34.40917_-120.2261"
"338",34.40917,-120.2261,2013,7,3,"7.3",16.6826038360595,"34.40917_-120.2261"
"339",34.40917,-120.2261,2013,7,4,"7.4",15.1467342376709,"34.40917_-120.2261"
"340",34.40917,-120.2261,2013,7,5,"7.5",13.4046211242675,"34.40917_-120.2261"
"341",34.40917,-120.2261,2013,7,6,"7.6",16.3597660064697,"34.40917_-120.2261"
"342",34.40917,-120.2261,2013,7,7,"7.7",17.2340068817138,"34.40917_-120.2261"
"343",34.40917,-120.2261,2013,7,8,"7.8",15.8765411376953,"34.40917_-120.2261"
"344",34.40917,-120.2261,2013,7,9,"7.9",14.4809265136719,"34.40917_-120.2261"
"345",34.40917,-120.2261,2013,7,10,"7.10",15.0668888092041,"34.40917_-120.2261"
"346",34.40917,-120.2261,2013,7,11,"7.11",16.5174694061279,"34.40917_-120.2261"
"347",34.40917,-120.2261,2013,7,12,"7.12",16.3596038818359,"34.40917_-120.2261"
"348",34.40917,-120.2261,2013,7,13,"7.13",17.6812114715575,"34.40917_-120.2261"
"349",34.40917,-120.2261,2013,7,14,"7.14",17.5398445129394,"34.40917_-120.2261"
"350",34.40917,-120.2261,2013,7,15,"7.15",16.1544666290283,"34.40917_-120.2261"
"351",34.40917,-120.2261,2013,7,16,"7.16",15.4947175979614,"34.40917_-120.2261"
"352",34.40917,-120.2261,2013,7,17,"7.17",15.6207380294799,"34.40917_-120.2261"
"353",34.40917,-120.2261,2013,7,18,"7.18",13.9819993972778,"34.40917_-120.2261"
"354",34.40917,-120.2261,2013,7,19,"7.19",13.4429626464843,"34.40917_-120.2261"
"355",34.40917,-120.2261,2013,7,20,"7.20",14.0362005233764,"34.40917_-120.2261"
"356",34.40917,-120.2261,2013,7,21,"7.21",14.905234336853,"34.40917_-120.2261"
"357",34.40917,-120.2261,2013,7,22,"7.22",15.725993156433,"34.40917_-120.2261"
"358",34.40917,-120.2261,2013,7,23,"7.23",16.319595336914,"34.40917_-120.2261"
"359",34.40917,-120.2261,2013,7,24,"7.24",15.9659271240234,"34.40917_-120.2261"
"360",34.40917,-120.2261,2013,7,25,"7.25",15.0404148101806,"34.40917_-120.2261"
"361",34.40917,-120.2261,2013,7,26,"7.26",14.9112710952758,"34.40917_-120.2261"
"362",34.40917,-120.2261,2013,7,27,"7.27",15.077654838562,"34.40917_-120.2261"
"363",34.40917,-120.2261,2013,7,28,"7.28",14.3284511566162,"34.40917_-120.2261"
"364",34.40917,-120.2261,2013,7,29,"7.29",14.0269889831542,"34.40917_-120.2261"
"365",34.40917,-120.2261,2013,7,30,"7.30",14.7070531845092,"34.40917_-120.2261"
"366",34.40917,-120.2261,2013,7,31,"7.31",14.6331348419189,"34.40917_-120.2261"
"367",34.40917,-120.2261,2015,4,1,"4.1",15.2017545700073,"34.40917_-120.2261"
"368",34.40917,-120.2261,2015,4,2,"4.2",14.7240562438965,"34.40917_-120.2261"
"369",34.40917,-120.2261,2015,4,3,"4.3",14.9728937149048,"34.40917_-120.2261"
"370",34.40917,-120.2261,2015,4,4,"4.4",14.6387491226196,"34.40917_-120.2261"
"371",34.40917,-120.2261,2015,4,5,"4.5",14.4690113067627,"34.40917_-120.2261"
"372",34.40917,-120.2261,2015,4,6,"4.6",13.3294401168823,"34.40917_-120.2261"
"373",34.40917,-120.2261,2015,4,7,"4.7",11.8467426300049,"34.40917_-120.2261"
"374",34.40917,-120.2261,2015,4,8,"4.8",13.6131792068481,"34.40917_-120.2261"
"375",34.40917,-120.2261,2015,4,9,"4.9",13.8500328063965,"34.40917_-120.2261"
"376",34.40917,-120.2261,2015,4,10,"4.10",13.6672525405883,"34.40917_-120.2261"
"377",34.40917,-120.2261,2015,4,11,"4.11",13.3408336639404,"34.40917_-120.2261"
"378",34.40917,-120.2261,2015,4,12,"4.12",13.8409357070922,"34.40917_-120.2261"
"379",34.40917,-120.2261,2015,4,13,"4.13",14.2092523574829,"34.40917_-120.2261"
"380",34.40917,-120.2261,2015,4,14,"4.14",14.9617691040039,"34.40917_-120.2261"
"381",34.40917,-120.2261,2015,4,15,"4.15",14.4521751403808,"34.40917_-120.2261"
"382",34.40917,-120.2261,2015,4,16,"4.16",13.8632516860961,"34.40917_-120.2261"
"383",34.40917,-120.2261,2015,4,17,"4.17",13.7266225814819,"34.40917_-120.2261"
"384",34.40917,-120.2261,2015,4,18,"4.18",13.958065032959,"34.40917_-120.2261"
"385",34.40917,-120.2261,2015,4,19,"4.19",13.7108182907104,"34.40917_-120.2261"
"386",34.40917,-120.2261,2015,4,20,"4.20",13.3205337524414,"34.40917_-120.2261"
"387",34.40917,-120.2261,2015,4,21,"4.21",13.2448606491088,"34.40917_-120.2261"
"388",34.40917,-120.2261,2015,4,22,"4.22",14.1273918151855,"34.40917_-120.2261"
"389",34.40917,-120.2261,2015,4,23,"4.23",14.4314317703247,"34.40917_-120.2261"
"390",34.40917,-120.2261,2015,4,24,"4.24",14.5763711929321,"34.40917_-120.2261"
"391",34.40917,-120.2261,2015,4,25,"4.25",13.508186340332,"34.40917_-120.2261"
"392",34.40917,-120.2261,2015,4,26,"4.26",12.55100440979,"34.40917_-120.2261"
"393",34.40917,-120.2261,2015,4,27,"4.27",12.2406377792358,"34.40917_-120.2261"
"394",34.40917,-120.2261,2015,4,28,"4.28",12.5410585403442,"34.40917_-120.2261"
"395",34.40917,-120.2261,2015,4,29,"4.29",13.3446254730224,"34.40917_-120.2261"
"396",34.40917,-120.2261,2015,4,30,"4.30",13.7829523086547,"34.40917_-120.2261"
"397",34.40917,-120.2261,2015,5,1,"5.1",12.8996820449829,"34.40917_-120.2261"
"398",34.40917,-120.2261,2015,5,2,"5.2",13.5725584030151,"34.40917_-120.2261"
"399",34.40917,-120.2261,2015,5,3,"5.3",13.2771186828613,"34.40917_-120.2261"
"400",34.40917,-120.2261,2015,5,4,"5.4",13.3962411880493,"34.40917_-120.2261"
"401",34.40917,-120.2261,2015,5,5,"5.5",13.4179134368896,"34.40917_-120.2261"
"402",34.40917,-120.2261,2015,5,6,"5.6",13.4147815704345,"34.40917_-120.2261"
"403",34.40917,-120.2261,2015,5,7,"5.7",12.974383354187,"34.40917_-120.2261"
"404",34.40917,-120.2261,2015,5,8,"5.8",13.1715803146362,"34.40917_-120.2261"
"405",34.40917,-120.2261,2015,5,9,"5.9",12.4992952346801,"34.40917_-120.2261"
"406",34.40917,-120.2261,2015,5,10,"5.10",12.8566265106201,"34.40917_-120.2261"
"407",34.40917,-120.2261,2015,5,11,"5.11",13.0384006500243,"34.40917_-120.2261"
"408",34.40917,-120.2261,2015,5,12,"5.12",12.7182998657226,"34.40917_-120.2261"
"409",34.40917,-120.2261,2015,5,13,"5.13",13.425926208496,"34.40917_-120.2261"
"410",34.40917,-120.2261,2015,5,14,"5.14",13.4071502685546,"34.40917_-120.2261"
"411",34.40917,-120.2261,2015,5,15,"5.15",14.1276473999023,"34.40917_-120.2261"
"412",34.40917,-120.2261,2015,5,16,"5.16",14.1996660232543,"34.40917_-120.2261"
"413",34.40917,-120.2261,2015,5,17,"5.17",13.7010011672973,"34.40917_-120.2261"
"414",34.40917,-120.2261,2015,5,18,"5.18",14.2441358566283,"34.40917_-120.2261"
"415",34.40917,-120.2261,2015,5,19,"5.19",13.969253540039,"34.40917_-120.2261"
"416",34.40917,-120.2261,2015,5,20,"5.20",13.3450145721435,"34.40917_-120.2261"
"417",34.40917,-120.2261,2015,5,21,"5.21",14.8017873764037,"34.40917_-120.2261"
"418",34.40917,-120.2261,2015,5,22,"5.22",13.7783489227294,"34.40917_-120.2261"
"419",34.40917,-120.2261,2015,5,23,"5.23",13.775821685791,"34.40917_-120.2261"
"420",34.40917,-120.2261,2015,5,24,"5.24",13.6631803512573,"34.40917_-120.2261"
"421",34.40917,-120.2261,2015,5,25,"5.25",14.5759019851684,"34.40917_-120.2261"
"422",34.40917,-120.2261,2015,5,26,"5.26",14.7485361099243,"34.40917_-120.2261"
"423",34.40917,-120.2261,2015,5,27,"5.27",15.6014242172241,"34.40917_-120.2261"
"424",34.40917,-120.2261,2015,5,28,"5.28",15.0087871551513,"34.40917_-120.2261"
"425",34.40917,-120.2261,2015,5,29,"5.29",14.7463684082031,"34.40917_-120.2261"
"426",34.40917,-120.2261,2015,5,30,"5.30",15.1118545532226,"34.40917_-120.2261"
"427",34.40917,-120.2261,2015,5,31,"5.31",15.3621978759765,"34.40917_-120.2261"
"428",34.40917,-120.2261,2015,6,1,"6.1",15.2801580429077,"34.40917_-120.2261"
"429",34.40917,-120.2261,2015,6,2,"6.2",15.3633832931518,"34.40917_-120.2261"
"430",34.40917,-120.2261,2015,6,3,"6.3",14.7465324401855,"34.40917_-120.2261"
"431",34.40917,-120.2261,2015,6,4,"6.4",14.5183219909667,"34.40917_-120.2261"
"432",34.40917,-120.2261,2015,6,5,"6.5",14.3776941299438,"34.40917_-120.2261"
"433",34.40917,-120.2261,2015,6,6,"6.6",14.2048511505126,"34.40917_-120.2261"
"434",34.40917,-120.2261,2015,6,7,"6.7",14.1185750961303,"34.40917_-120.2261"
"435",34.40917,-120.2261,2015,6,8,"6.8",15.1039180755615,"34.40917_-120.2261"
"436",34.40917,-120.2261,2015,6,9,"6.9",16.4100322723388,"34.40917_-120.2261"
"437",34.40917,-120.2261,2015,6,10,"6.10",15.0938920974731,"34.40917_-120.2261"
"438",34.40917,-120.2261,2015,6,11,"6.11",15.6830701828002,"34.40917_-120.2261"
"439",34.40917,-120.2261,2015,6,12,"6.12",14.4776945114135,"34.40917_-120.2261"
"440",34.40917,-120.2261,2015,6,13,"6.13",13.1396322250366,"34.40917_-120.2261"
"441",34.40917,-120.2261,2015,6,14,"6.14",14.6304588317871,"34.40917_-120.2261"
"442",34.40917,-120.2261,2015,6,15,"6.15",15.1492872238158,"34.40917_-120.2261"
"443",34.40917,-120.2261,2015,6,16,"6.16",14.8806133270263,"34.40917_-120.2261"
"444",34.40917,-120.2261,2015,6,17,"6.17",15.3839244842529,"34.40917_-120.2261"
"445",34.40917,-120.2261,2015,6,18,"6.18",15.3605136871337,"34.40917_-120.2261"
"446",34.40917,-120.2261,2015,6,19,"6.19",15.2965087890625,"34.40917_-120.2261"
"447",34.40917,-120.2261,2015,6,20,"6.20",14.7743873596191,"34.40917_-120.2261"
"448",34.40917,-120.2261,2015,6,21,"6.21",15.2671270370483,"34.40917_-120.2261"
"449",34.40917,-120.2261,2015,6,22,"6.22",14.3869524002075,"34.40917_-120.2261"
"450",34.40917,-120.2261,2015,6,23,"6.23",14.3045873641968,"34.40917_-120.2261"
"451",34.40917,-120.2261,2015,6,24,"6.24",15.4853792190552,"34.40917_-120.2261"
"452",34.40917,-120.2261,2015,6,25,"6.25",15.5902919769287,"34.40917_-120.2261"
"453",34.40917,-120.2261,2015,6,26,"6.26",15.7449855804443,"34.40917_-120.2261"
"454",34.40917,-120.2261,2015,6,27,"6.27",15.5730323791503,"34.40917_-120.2261"
"455",34.40917,-120.2261,2015,6,28,"6.28",15.1705093383789,"34.40917_-120.2261"
"456",34.40917,-120.2261,2015,6,29,"6.29",13.8406543731689,"34.40917_-120.2261"
"457",34.40917,-120.2261,2015,6,30,"6.30",14.777361869812,"34.40917_-120.2261"
"458",34.40917,-120.2261,2015,7,1,"7.1",16.1885395050048,"34.40917_-120.2261"
"459",34.40917,-120.2261,2015,7,2,"7.2",17.0881004333496,"34.40917_-120.2261"
"460",34.40917,-120.2261,2015,7,3,"7.3",17.4650840759277,"34.40917_-120.2261"
"461",34.40917,-120.2261,2015,7,4,"7.4",15.4523601531982,"34.40917_-120.2261"
"462",34.40917,-120.2261,2015,7,5,"7.5",14.6746072769164,"34.40917_-120.2261"
"463",34.40917,-120.2261,2015,7,6,"7.6",15.0522012710571,"34.40917_-120.2261"
"464",34.40917,-120.2261,2015,7,7,"7.7",17.0447196960449,"34.40917_-120.2261"
"465",34.40917,-120.2261,2015,7,8,"7.8",17.9269580841064,"34.40917_-120.2261"
"466",34.40917,-120.2261,2015,7,9,"7.9",17.486759185791,"34.40917_-120.2261"
"467",34.40917,-120.2261,2015,7,10,"7.10",17.5714054107665,"34.40917_-120.2261"
"468",34.40917,-120.2261,2015,7,11,"7.11",17.9700603485107,"34.40917_-120.2261"
"469",34.40917,-120.2261,2015,7,12,"7.12",16.8182773590088,"34.40917_-120.2261"
"470",34.40917,-120.2261,2015,7,13,"7.13",17.1117496490478,"34.40917_-120.2261"
"471",34.40917,-120.2261,2015,7,14,"7.14",16.2011318206787,"34.40917_-120.2261"
"472",34.40917,-120.2261,2015,7,15,"7.15",16.0363826751708,"34.40917_-120.2261"
"473",34.40917,-120.2261,2015,7,16,"7.16",17.8644008636474,"34.40917_-120.2261"
"474",34.40917,-120.2261,2015,7,17,"7.17",17.7078418731689,"34.40917_-120.2261"
"475",34.40917,-120.2261,2015,7,18,"7.18",18.0456752777099,"34.40917_-120.2261"
"476",34.40917,-120.2261,2015,7,19,"7.19",18.5781021118164,"34.40917_-120.2261"
"477",34.40917,-120.2261,2015,7,20,"7.20",17.8264408111572,"34.40917_-120.2261"
"478",34.40917,-120.2261,2015,7,21,"7.21",17.945571899414,"34.40917_-120.2261"
"479",34.40917,-120.2261,2015,7,22,"7.22",17.0975875854492,"34.40917_-120.2261"
"480",34.40917,-120.2261,2015,7,23,"7.23",17.8590145111083,"34.40917_-120.2261"
"481",34.40917,-120.2261,2015,7,24,"7.24",20.1236953735351,"34.40917_-120.2261"
"482",34.40917,-120.2261,2015,7,25,"7.25",18.7573680877685,"34.40917_-120.2261"
"483",34.40917,-120.2261,2015,7,26,"7.26",19.3952484130859,"34.40917_-120.2261"
"484",34.40917,-120.2261,2015,7,27,"7.27",19.4971675872803,"34.40917_-120.2261"
"485",34.40917,-120.2261,2015,7,28,"7.28",18.7932415008545,"34.40917_-120.2261"
"486",34.40917,-120.2261,2015,7,29,"7.29",19.4441871643066,"34.40917_-120.2261"
"487",34.40917,-120.2261,2015,7,30,"7.30",20.0140724182128,"34.40917_-120.2261"
"488",34.40917,-120.2261,2015,7,31,"7.31",19.9465522766113,"34.40917_-120.2261"
"489",34.40917,-120.2261,2016,4,1,"4.1",12.1011590957641,"34.40917_-120.2261"
"490",34.40917,-120.2261,2016,4,2,"4.2",12.6443681716918,"34.40917_-120.2261"
"491",34.40917,-120.2261,2016,4,3,"4.3",13.1934556961059,"34.40917_-120.2261"
"492",34.40917,-120.2261,2016,4,4,"4.4",13.5152940750122,"34.40917_-120.2261"
"493",34.40917,-120.2261,2016,4,5,"4.5",14.2818231582641,"34.40917_-120.2261"
"494",34.40917,-120.2261,2016,4,6,"4.6",14.4167509078979,"34.40917_-120.2261"
"495",34.40917,-120.2261,2016,4,7,"4.7",15.2002782821655,"34.40917_-120.2261"
"496",34.40917,-120.2261,2016,4,8,"4.8",15.1874351501465,"34.40917_-120.2261"
"497",34.40917,-120.2261,2016,4,9,"4.9",14.8383960723876,"34.40917_-120.2261"
"498",34.40917,-120.2261,2016,4,10,"4.10",15.5462436676025,"34.40917_-120.2261"
"499",34.40917,-120.2261,2016,4,11,"4.11",14.3200445175171,"34.40917_-120.2261"
"500",34.40917,-120.2261,2016,4,12,"4.12",12.8778123855591,"34.40917_-120.2261"
"501",34.40917,-120.2261,2016,4,13,"4.13",14.025668144226,"34.40917_-120.2261"
"502",34.40917,-120.2261,2016,4,14,"4.14",13.2595663070678,"34.40917_-120.2261"
"503",34.40917,-120.2261,2016,4,15,"4.15",12.34166431427,"34.40917_-120.2261"
"504",34.40917,-120.2261,2016,4,16,"4.16",14.2522611618041,"34.40917_-120.2261"
"505",34.40917,-120.2261,2016,4,17,"4.17",13.6657571792602,"34.40917_-120.2261"
"506",34.40917,-120.2261,2016,4,18,"4.18",13.7600517272949,"34.40917_-120.2261"
"507",34.40917,-120.2261,2016,4,19,"4.19",13.9381408691406,"34.40917_-120.2261"
"508",34.40917,-120.2261,2016,4,20,"4.20",13.9810428619384,"34.40917_-120.2261"
"509",34.40917,-120.2261,2016,4,21,"4.21",14.8759460449218,"34.40917_-120.2261"
"510",34.40917,-120.2261,2016,4,22,"4.22",14.3844327926635,"34.40917_-120.2261"
"511",34.40917,-120.2261,2016,4,23,"4.23",13.742202758789,"34.40917_-120.2261"
"512",34.40917,-120.2261,2016,4,24,"4.24",12.649863243103,"34.40917_-120.2261"
"513",34.40917,-120.2261,2016,4,25,"4.25",13.2976369857788,"34.40917_-120.2261"
"514",34.40917,-120.2261,2016,4,26,"4.26",12.9715013504028,"34.40917_-120.2261"
"515",34.40917,-120.2261,2016,4,27,"4.27",12.9942178726196,"34.40917_-120.2261"
"516",34.40917,-120.2261,2016,4,28,"4.28",12.6865015029907,"34.40917_-120.2261"
"517",34.40917,-120.2261,2016,4,29,"4.29",12.7386407852172,"34.40917_-120.2261"
"518",34.40917,-120.2261,2016,4,30,"4.30",12.8393507003784,"34.40917_-120.2261"
"519",34.40917,-120.2261,2016,5,1,"5.1",13.6177272796631,"34.40917_-120.2261"
"520",34.40917,-120.2261,2016,5,2,"5.2",13.6294193267822,"34.40917_-120.2261"
"521",34.40917,-120.2261,2016,5,3,"5.3",14.3965759277343,"34.40917_-120.2261"
"522",34.40917,-120.2261,2016,5,4,"5.4",14.9484338760375,"34.40917_-120.2261"
"523",34.40917,-120.2261,2016,5,5,"5.5",14.1894931793213,"34.40917_-120.2261"
"524",34.40917,-120.2261,2016,5,6,"5.6",15.008765220642,"34.40917_-120.2261"
"525",34.40917,-120.2261,2016,5,7,"5.7",13.3851089477538,"34.40917_-120.2261"
"526",34.40917,-120.2261,2016,5,8,"5.8",14.241093635559,"34.40917_-120.2261"
"527",34.40917,-120.2261,2016,5,9,"5.9",14.7870330810546,"34.40917_-120.2261"
"528",34.40917,-120.2261,2016,5,10,"5.10",14.3999700546264,"34.40917_-120.2261"
"529",34.40917,-120.2261,2016,5,11,"5.11",14.7984418869018,"34.40917_-120.2261"
"530",34.40917,-120.2261,2016,5,12,"5.12",14.6284809112548,"34.40917_-120.2261"
"531",34.40917,-120.2261,2016,5,13,"5.13",14.5863647460937,"34.40917_-120.2261"
"532",34.40917,-120.2261,2016,5,14,"5.14",14.599570274353,"34.40917_-120.2261"
"533",34.40917,-120.2261,2016,5,15,"5.15",15.1207580566406,"34.40917_-120.2261"
"534",34.40917,-120.2261,2016,5,16,"5.16",13.9658260345459,"34.40917_-120.2261"
"535",34.40917,-120.2261,2016,5,17,"5.17",13.8392152786254,"34.40917_-120.2261"
"536",34.40917,-120.2261,2016,5,18,"5.18",14.7449188232421,"34.40917_-120.2261"
"537",34.40917,-120.2261,2016,5,19,"5.19",15.4287786483764,"34.40917_-120.2261"
"538",34.40917,-120.2261,2016,5,20,"5.20",14.6984310150146,"34.40917_-120.2261"
"539",34.40917,-120.2261,2016,5,21,"5.21",13.5282726287842,"34.40917_-120.2261"
"540",34.40917,-120.2261,2016,5,22,"5.22",13.720682144165,"34.40917_-120.2261"
"541",34.40917,-120.2261,2016,5,23,"5.23",15.243182182312,"34.40917_-120.2261"
"542",34.40917,-120.2261,2016,5,24,"5.24",14.1192359924316,"34.40917_-120.2261"
"543",34.40917,-120.2261,2016,5,25,"5.25",13.8223752975463,"34.40917_-120.2261"
"544",34.40917,-120.2261,2016,5,26,"5.26",13.5071744918823,"34.40917_-120.2261"
"545",34.40917,-120.2261,2016,5,27,"5.27",14.275574684143,"34.40917_-120.2261"
"546",34.40917,-120.2261,2016,5,28,"5.28",15.3729639053344,"34.40917_-120.2261"
"547",34.40917,-120.2261,2016,5,29,"5.29",15.3285598754882,"34.40917_-120.2261"
"548",34.40917,-120.2261,2016,5,30,"5.30",15.394995689392,"34.40917_-120.2261"
"549",34.40917,-120.2261,2016,5,31,"5.31",14.8488035202026,"34.40917_-120.2261"
"550",34.40917,-120.2261,2016,6,1,"6.1",14.705584526062,"34.40917_-120.2261"
"551",34.40917,-120.2261,2016,6,2,"6.2",15.705373764038,"34.40917_-120.2261"
"552",34.40917,-120.2261,2016,6,3,"6.3",15.8918151855468,"34.40917_-120.2261"
"553",34.40917,-120.2261,2016,6,4,"6.4",14.3696384429931,"34.40917_-120.2261"
"554",34.40917,-120.2261,2016,6,5,"6.5",15.252173423767,"34.40917_-120.2261"
"555",34.40917,-120.2261,2016,6,6,"6.6",14.9703702926635,"34.40917_-120.2261"
"556",34.40917,-120.2261,2016,6,7,"6.7",14.4796838760375,"34.40917_-120.2261"
"557",34.40917,-120.2261,2016,6,8,"6.8",14.904047012329,"34.40917_-120.2261"
"558",34.40917,-120.2261,2016,6,9,"6.9",14.7291431427001,"34.40917_-120.2261"
"559",34.40917,-120.2261,2016,6,10,"6.10",14.7173099517822,"34.40917_-120.2261"
"560",34.40917,-120.2261,2016,6,11,"6.11",15.4816274642944,"34.40917_-120.2261"
"561",34.40917,-120.2261,2016,6,12,"6.12",14.0859365463257,"34.40917_-120.2261"
"562",34.40917,-120.2261,2016,6,13,"6.13",14.4472160339355,"34.40917_-120.2261"
"563",34.40917,-120.2261,2016,6,14,"6.14",12.4296054840087,"34.40917_-120.2261"
"564",34.40917,-120.2261,2016,6,15,"6.15",12.2712383270263,"34.40917_-120.2261"
"565",34.40917,-120.2261,2016,6,16,"6.16",15.3768739700317,"34.40917_-120.2261"
"566",34.40917,-120.2261,2016,6,17,"6.17",14.3408021926879,"34.40917_-120.2261"
"567",34.40917,-120.2261,2016,6,18,"6.18",14.1035919189453,"34.40917_-120.2261"
"568",34.40917,-120.2261,2016,6,19,"6.19",14.0835886001586,"34.40917_-120.2261"
"569",34.40917,-120.2261,2016,6,20,"6.20",13.9226331710815,"34.40917_-120.2261"
"570",34.40917,-120.2261,2016,6,21,"6.21",13.4556064605712,"34.40917_-120.2261"
"571",34.40917,-120.2261,2016,6,22,"6.22",13.725845336914,"34.40917_-120.2261"
"572",34.40917,-120.2261,2016,6,23,"6.23",14.130214691162,"34.40917_-120.2261"
"573",34.40917,-120.2261,2016,6,24,"6.24",13.5961971282958,"34.40917_-120.2261"
"574",34.40917,-120.2261,2016,6,25,"6.25",13.886396408081,"34.40917_-120.2261"
"575",34.40917,-120.2261,2016,6,26,"6.26",13.8693332672119,"34.40917_-120.2261"
"576",34.40917,-120.2261,2016,6,27,"6.27",13.4887256622314,"34.40917_-120.2261"
"577",34.40917,-120.2261,2016,6,28,"6.28",14.1228618621825,"34.40917_-120.2261"
"578",34.40917,-120.2261,2016,6,29,"6.29",14.2420377731323,"34.40917_-120.2261"
"579",34.40917,-120.2261,2016,6,30,"6.30",13.0690841674804,"34.40917_-120.2261"
"580",34.40917,-120.2261,2016,7,1,"7.1",13.0760068893432,"34.40917_-120.2261"
"581",34.40917,-120.2261,2016,7,2,"7.2",12.6890935897826,"34.40917_-120.2261"
"582",34.40917,-120.2261,2016,7,3,"7.3",13.8980731964111,"34.40917_-120.2261"
"583",34.40917,-120.2261,2016,7,4,"7.4",13.94309425354,"34.40917_-120.2261"
"584",34.40917,-120.2261,2016,7,5,"7.5",13.2493000030517,"34.40917_-120.2261"
"585",34.40917,-120.2261,2016,7,6,"7.6",16.5990905761718,"34.40917_-120.2261"
"586",34.40917,-120.2261,2016,7,7,"7.7",16.9936485290527,"34.40917_-120.2261"
"587",34.40917,-120.2261,2016,7,8,"7.8",16.3650150299072,"34.40917_-120.2261"
"588",34.40917,-120.2261,2016,7,9,"7.9",16.1975193023681,"34.40917_-120.2261"
"589",34.40917,-120.2261,2016,7,10,"7.10",16.461088180542,"34.40917_-120.2261"
"590",34.40917,-120.2261,2016,7,11,"7.11",16.1810111999511,"34.40917_-120.2261"
"591",34.40917,-120.2261,2016,7,12,"7.12",15.7047643661498,"34.40917_-120.2261"
"592",34.40917,-120.2261,2016,7,13,"7.13",17.1385707855224,"34.40917_-120.2261"
"593",34.40917,-120.2261,2016,7,14,"7.14",19.7983226776122,"34.40917_-120.2261"
"594",34.40917,-120.2261,2016,7,15,"7.15",19.1309280395508,"34.40917_-120.2261"
"595",34.40917,-120.2261,2016,7,16,"7.16",17.7253684997558,"34.40917_-120.2261"
"596",34.40917,-120.2261,2016,7,17,"7.17",15.9371614456176,"34.40917_-120.2261"
"597",34.40917,-120.2261,2016,7,18,"7.18",16.7999038696288,"34.40917_-120.2261"
"598",34.40917,-120.2261,2016,7,19,"7.19",17.3733386993408,"34.40917_-120.2261"
"599",34.40917,-120.2261,2016,7,20,"7.20",17.8136367797851,"34.40917_-120.2261"
"600",34.40917,-120.2261,2016,7,21,"7.21",17.5706119537353,"34.40917_-120.2261"
"601",34.40917,-120.2261,2016,7,22,"7.22",15.7378597259521,"34.40917_-120.2261"
"602",34.40917,-120.2261,2016,7,23,"7.23",16.5754623413086,"34.40917_-120.2261"
"603",34.40917,-120.2261,2016,7,24,"7.24",17.5316066741943,"34.40917_-120.2261"
"604",34.40917,-120.2261,2016,7,25,"7.25",17.9800853729247,"34.40917_-120.2261"
"605",34.40917,-120.2261,2016,7,26,"7.26",17.3063793182372,"34.40917_-120.2261"
"606",34.40917,-120.2261,2016,7,27,"7.27",18.1325092315673,"34.40917_-120.2261"
"607",34.40917,-120.2261,2016,7,28,"7.28",17.665620803833,"34.40917_-120.2261"
"608",34.40917,-120.2261,2016,7,29,"7.29",17.4824542999267,"34.40917_-120.2261"
"609",34.40917,-120.2261,2016,7,30,"7.30",17.3140106201171,"34.40917_-120.2261"
"610",34.40917,-120.2261,2016,7,31,"7.31",17.5105037689208,"34.40917_-120.2261"
"611",34.40917,-120.2261,2017,4,1,"4.1",12.1616916656494,"34.40917_-120.2261"
"612",34.40917,-120.2261,2017,4,2,"4.2",12.8820714950561,"34.40917_-120.2261"
"613",34.40917,-120.2261,2017,4,3,"4.3",13.1794929504394,"34.40917_-120.2261"
"614",34.40917,-120.2261,2017,4,4,"4.4",12.5835199356079,"34.40917_-120.2261"
"615",34.40917,-120.2261,2017,4,5,"4.5",12.5408124923706,"34.40917_-120.2261"
"616",34.40917,-120.2261,2017,4,6,"4.6",12.4519910812377,"34.40917_-120.2261"
"617",34.40917,-120.2261,2017,4,7,"4.7",12.8617944717407,"34.40917_-120.2261"
"618",34.40917,-120.2261,2017,4,8,"4.8",13.5934705734253,"34.40917_-120.2261"
"619",34.40917,-120.2261,2017,4,9,"4.9",12.883936882019,"34.40917_-120.2261"
"620",34.40917,-120.2261,2017,4,10,"4.10",11.9609794616699,"34.40917_-120.2261"
"621",34.40917,-120.2261,2017,4,11,"4.11",11.2291822433471,"34.40917_-120.2261"
"622",34.40917,-120.2261,2017,4,12,"4.12",13.0821371078491,"34.40917_-120.2261"
"623",34.40917,-120.2261,2017,4,13,"4.13",13.2229633331299,"34.40917_-120.2261"
"624",34.40917,-120.2261,2017,4,14,"4.14",13.4616737365722,"34.40917_-120.2261"
"625",34.40917,-120.2261,2017,4,15,"4.15",12.7843265533447,"34.40917_-120.2261"
"626",34.40917,-120.2261,2017,4,16,"4.16",11.8720617294311,"34.40917_-120.2261"
"627",34.40917,-120.2261,2017,4,17,"4.17",12.3670949935912,"34.40917_-120.2261"
"628",34.40917,-120.2261,2017,4,18,"4.18",12.5491390228271,"34.40917_-120.2261"
"629",34.40917,-120.2261,2017,4,19,"4.19",12.6117134094238,"34.40917_-120.2261"
"630",34.40917,-120.2261,2017,4,20,"4.20",12.693922996521,"34.40917_-120.2261"
"631",34.40917,-120.2261,2017,4,21,"4.21",12.5669507980346,"34.40917_-120.2261"
"632",34.40917,-120.2261,2017,4,22,"4.22",12.5839843749999,"34.40917_-120.2261"
"633",34.40917,-120.2261,2017,4,23,"4.23",13.3826646804809,"34.40917_-120.2261"
"634",34.40917,-120.2261,2017,4,24,"4.24",13.0976228713989,"34.40917_-120.2261"
"635",34.40917,-120.2261,2017,4,25,"4.25",11.5245609283447,"34.40917_-120.2261"
"636",34.40917,-120.2261,2017,4,26,"4.26",10.2509336471557,"34.40917_-120.2261"
"637",34.40917,-120.2261,2017,4,27,"4.27",9.60559749603268,"34.40917_-120.2261"
"638",34.40917,-120.2261,2017,4,28,"4.28",12.2869005203246,"34.40917_-120.2261"
"639",34.40917,-120.2261,2017,4,29,"4.29",12.0286331176757,"34.40917_-120.2261"
"640",34.40917,-120.2261,2017,4,30,"4.30",12.5932092666626,"34.40917_-120.2261"
"641",34.40917,-120.2261,2017,5,1,"5.1",12.6130571365356,"34.40917_-120.2261"
"642",34.40917,-120.2261,2017,5,2,"5.2",10.69859790802,"34.40917_-120.2261"
"643",34.40917,-120.2261,2017,5,3,"5.3",12.1042909622192,"34.40917_-120.2261"
"644",34.40917,-120.2261,2017,5,4,"5.4",12.0693559646606,"34.40917_-120.2261"
"645",34.40917,-120.2261,2017,5,5,"5.5",11.7361488342284,"34.40917_-120.2261"
"646",34.40917,-120.2261,2017,5,6,"5.6",11.20650100708,"34.40917_-120.2261"
"647",34.40917,-120.2261,2017,5,7,"5.7",11.888855934143,"34.40917_-120.2261"
"648",34.40917,-120.2261,2017,5,8,"5.8",11.6019916534424,"34.40917_-120.2261"
"649",34.40917,-120.2261,2017,5,9,"5.9",11.6830930709838,"34.40917_-120.2261"
"650",34.40917,-120.2261,2017,5,10,"5.10",11.490249633789,"34.40917_-120.2261"
"651",34.40917,-120.2261,2017,5,11,"5.11",13.1895761489868,"34.40917_-120.2261"
"652",34.40917,-120.2261,2017,5,12,"5.12",15.1478071212768,"34.40917_-120.2261"
"653",34.40917,-120.2261,2017,5,13,"5.13",13.3202533721923,"34.40917_-120.2261"
"654",34.40917,-120.2261,2017,5,14,"5.14",12.320948600769,"34.40917_-120.2261"
"655",34.40917,-120.2261,2017,5,15,"5.15",12.4107580184936,"34.40917_-120.2261"
"656",34.40917,-120.2261,2017,5,16,"5.16",12.0261106491088,"34.40917_-120.2261"
"657",34.40917,-120.2261,2017,5,17,"5.17",12.4861278533935,"34.40917_-120.2261"
"658",34.40917,-120.2261,2017,5,18,"5.18",12.9175539016723,"34.40917_-120.2261"
"659",34.40917,-120.2261,2017,5,19,"5.19",13.2738552093505,"34.40917_-120.2261"
"660",34.40917,-120.2261,2017,5,20,"5.20",13.2096042633056,"34.40917_-120.2261"
"661",34.40917,-120.2261,2017,5,21,"5.21",12.3569974899291,"34.40917_-120.2261"
"662",34.40917,-120.2261,2017,5,22,"5.22",12.9744300842285,"34.40917_-120.2261"
"663",34.40917,-120.2261,2017,5,23,"5.23",13.3423404693603,"34.40917_-120.2261"
"664",34.40917,-120.2261,2017,5,24,"5.24",13.5913772583008,"34.40917_-120.2261"
"665",34.40917,-120.2261,2017,5,25,"5.25",12.2423238754272,"34.40917_-120.2261"
"666",34.40917,-120.2261,2017,5,26,"5.26",12.9872388839721,"34.40917_-120.2261"
"667",34.40917,-120.2261,2017,5,27,"5.27",13.2584762573242,"34.40917_-120.2261"
"668",34.40917,-120.2261,2017,5,28,"5.28",13.792534828186,"34.40917_-120.2261"
"669",34.40917,-120.2261,2017,5,29,"5.29",12.9949760437011,"34.40917_-120.2261"
"670",34.40917,-120.2261,2017,5,30,"5.30",12.6555957794189,"34.40917_-120.2261"
"671",34.40917,-120.2261,2017,5,31,"5.31",13.1010637283325,"34.40917_-120.2261"
"672",34.40917,-120.2261,2017,6,1,"6.1",13.4918556213378,"34.40917_-120.2261"
"673",34.40917,-120.2261,2017,6,2,"6.2",14.2193956375122,"34.40917_-120.2261"
"674",34.40917,-120.2261,2017,6,3,"6.3",14.9050035476684,"34.40917_-120.2261"
"675",34.40917,-120.2261,2017,6,4,"6.4",14.0202188491821,"34.40917_-120.2261"
"676",34.40917,-120.2261,2017,6,5,"6.5",13.0044479370117,"34.40917_-120.2261"
"677",34.40917,-120.2261,2017,6,6,"6.6",12.7688760757446,"34.40917_-120.2261"
"678",34.40917,-120.2261,2017,6,7,"6.7",15.2076520919799,"34.40917_-120.2261"
"679",34.40917,-120.2261,2017,6,8,"6.8",15.3827419281005,"34.40917_-120.2261"
"680",34.40917,-120.2261,2017,6,9,"6.9",14.5053195953369,"34.40917_-120.2261"
"681",34.40917,-120.2261,2017,6,10,"6.10",14.088581085205,"34.40917_-120.2261"
"682",34.40917,-120.2261,2017,6,11,"6.11",14.3534135818481,"34.40917_-120.2261"
"683",34.40917,-120.2261,2017,6,12,"6.12",14.1198596954345,"34.40917_-120.2261"
"684",34.40917,-120.2261,2017,6,13,"6.13",14.2096319198608,"34.40917_-120.2261"
"685",34.40917,-120.2261,2017,6,14,"6.14",15.1287021636962,"34.40917_-120.2261"
"686",34.40917,-120.2261,2017,6,15,"6.15",14.5505485534667,"34.40917_-120.2261"
"687",34.40917,-120.2261,2017,6,16,"6.16",14.5871820449828,"34.40917_-120.2261"
"688",34.40917,-120.2261,2017,6,17,"6.17",14.7190141677856,"34.40917_-120.2261"
"689",34.40917,-120.2261,2017,6,18,"6.18",15.5950908660888,"34.40917_-120.2261"
"690",34.40917,-120.2261,2017,6,19,"6.19",17.8098964691162,"34.40917_-120.2261"
"691",34.40917,-120.2261,2017,6,20,"6.20",17.4760837554931,"34.40917_-120.2261"
"692",34.40917,-120.2261,2017,6,21,"6.21",16.5228004455566,"34.40917_-120.2261"
"693",34.40917,-120.2261,2017,6,22,"6.22",16.3389644622802,"34.40917_-120.2261"
"694",34.40917,-120.2261,2017,6,23,"6.23",15.2006740570068,"34.40917_-120.2261"
"695",34.40917,-120.2261,2017,6,24,"6.24",14.7973833084106,"34.40917_-120.2261"
"696",34.40917,-120.2261,2017,6,25,"6.25",14.9994297027588,"34.40917_-120.2261"
"697",34.40917,-120.2261,2017,6,26,"6.26",15.7029275894165,"34.40917_-120.2261"
"698",34.40917,-120.2261,2017,6,27,"6.27",14.7878637313842,"34.40917_-120.2261"
"699",34.40917,-120.2261,2017,6,28,"6.28",14.3682985305786,"34.40917_-120.2261"
"700",34.40917,-120.2261,2017,6,29,"6.29",14.0279970169067,"34.40917_-120.2261"
"701",34.40917,-120.2261,2017,6,30,"6.30",13.8900661468506,"34.40917_-120.2261"
"702",34.40917,-120.2261,2017,7,1,"7.1",15.9141540527343,"34.40917_-120.2261"
"703",34.40917,-120.2261,2017,7,2,"7.2",15.2386474609375,"34.40917_-120.2261"
"704",34.40917,-120.2261,2017,7,3,"7.3",15.3158931732177,"34.40917_-120.2261"
"705",34.40917,-120.2261,2017,7,4,"7.4",15.2468366622925,"34.40917_-120.2261"
"706",34.40917,-120.2261,2017,7,5,"7.5",15.0347595214843,"34.40917_-120.2261"
"707",34.40917,-120.2261,2017,7,6,"7.6",15.102029800415,"34.40917_-120.2261"
"708",34.40917,-120.2261,2017,7,7,"7.7",14.6518268585204,"34.40917_-120.2261"
"709",34.40917,-120.2261,2017,7,8,"7.8",14.7349767684936,"34.40917_-120.2261"
"710",34.40917,-120.2261,2017,7,9,"7.9",12.7778425216674,"34.40917_-120.2261"
"711",34.40917,-120.2261,2017,7,10,"7.10",12.556692123413,"34.40917_-120.2261"
"712",34.40917,-120.2261,2017,7,11,"7.11",13.1111736297607,"34.40917_-120.2261"
"713",34.40917,-120.2261,2017,7,12,"7.12",15.6113605499267,"34.40917_-120.2261"
"714",34.40917,-120.2261,2017,7,13,"7.13",16.4781837463378,"34.40917_-120.2261"
"715",34.40917,-120.2261,2017,7,14,"7.14",15.1540613174438,"34.40917_-120.2261"
"716",34.40917,-120.2261,2017,7,15,"7.15",14.1173906326294,"34.40917_-120.2261"
"717",34.40917,-120.2261,2017,7,16,"7.16",14.1691703796387,"34.40917_-120.2261"
"718",34.40917,-120.2261,2017,7,17,"7.17",15.6968450546264,"34.40917_-120.2261"
"719",34.40917,-120.2261,2017,7,18,"7.18",14.0578823089599,"34.40917_-120.2261"
"720",34.40917,-120.2261,2017,7,19,"7.19",15.9142885208129,"34.40917_-120.2261"
"721",34.40917,-120.2261,2017,7,20,"7.20",16.3485202789306,"34.40917_-120.2261"
"722",34.40917,-120.2261,2017,7,21,"7.21",14.9393920898437,"34.40917_-120.2261"
"723",34.40917,-120.2261,2017,7,22,"7.22",14.9564208984374,"34.40917_-120.2261"
"724",34.40917,-120.2261,2017,7,23,"7.23",14.5968036651611,"34.40917_-120.2261"
"725",34.40917,-120.2261,2017,7,24,"7.24",14.7117023468017,"34.40917_-120.2261"
"726",34.40917,-120.2261,2017,7,25,"7.25",15.7096128463745,"34.40917_-120.2261"
"727",34.40917,-120.2261,2017,7,26,"7.26",16.6244812011719,"34.40917_-120.2261"
"728",34.40917,-120.2261,2017,7,27,"7.27",17.4770107269286,"34.40917_-120.2261"
"729",34.40917,-120.2261,2017,7,28,"7.28",17.6392745971679,"34.40917_-120.2261"
"730",34.40917,-120.2261,2017,7,29,"7.29",17.61008644104,"34.40917_-120.2261"
"731",34.40917,-120.2261,2017,7,30,"7.30",17.4851150512695,"34.40917_-120.2261"
"732",34.40917,-120.2261,2017,7,31,"7.31",16.7880496978759,"34.40917_-120.2261"
"733",34.40917,-120.2261,2018,4,1,"4.1",13.0085439682007,"34.40917_-120.2261"
"734",34.40917,-120.2261,2018,4,2,"4.2",12.5238513946533,"34.40917_-120.2261"
"735",34.40917,-120.2261,2018,4,3,"4.3",10.4954528808593,"34.40917_-120.2261"
"736",34.40917,-120.2261,2018,4,4,"4.4",12.9223203659057,"34.40917_-120.2261"
"737",34.40917,-120.2261,2018,4,5,"4.5",13.4510354995727,"34.40917_-120.2261"
"738",34.40917,-120.2261,2018,4,6,"4.6",12.9579553604125,"34.40917_-120.2261"
"739",34.40917,-120.2261,2018,4,7,"4.7",12.7366542816162,"34.40917_-120.2261"
"740",34.40917,-120.2261,2018,4,8,"4.8",11.8920288085937,"34.40917_-120.2261"
"741",34.40917,-120.2261,2018,4,9,"4.9",11.5447883605957,"34.40917_-120.2261"
"742",34.40917,-120.2261,2018,4,10,"4.10",12.0524797439575,"34.40917_-120.2261"
"743",34.40917,-120.2261,2018,4,11,"4.11",13.445158958435,"34.40917_-120.2261"
"744",34.40917,-120.2261,2018,4,12,"4.12",12.7893295288085,"34.40917_-120.2261"
"745",34.40917,-120.2261,2018,4,13,"4.13",11.4637670516967,"34.40917_-120.2261"
"746",34.40917,-120.2261,2018,4,14,"4.14",11.9027681350708,"34.40917_-120.2261"
"747",34.40917,-120.2261,2018,4,15,"4.15",12.5826025009155,"34.40917_-120.2261"
"748",34.40917,-120.2261,2018,4,16,"4.16",12.7332372665405,"34.40917_-120.2261"
"749",34.40917,-120.2261,2018,4,17,"4.17",12.3480968475341,"34.40917_-120.2261"
"750",34.40917,-120.2261,2018,4,18,"4.18",12.1519994735717,"34.40917_-120.2261"
"751",34.40917,-120.2261,2018,4,19,"4.19",11.3353767395019,"34.40917_-120.2261"
"752",34.40917,-120.2261,2018,4,20,"4.20",10.9198560714721,"34.40917_-120.2261"
"753",34.40917,-120.2261,2018,4,21,"4.21",11.5170154571533,"34.40917_-120.2261"
"754",34.40917,-120.2261,2018,4,22,"4.22",11.967526435852,"34.40917_-120.2261"
"755",34.40917,-120.2261,2018,4,23,"4.23",12.1560621261596,"34.40917_-120.2261"
"756",34.40917,-120.2261,2018,4,24,"4.24",12.1735210418701,"34.40917_-120.2261"
"757",34.40917,-120.2261,2018,4,25,"4.25",12.8059396743774,"34.40917_-120.2261"
"758",34.40917,-120.2261,2018,4,26,"4.26",13.1994752883911,"34.40917_-120.2261"
"759",34.40917,-120.2261,2018,4,27,"4.27",12.9581785202026,"34.40917_-120.2261"
"760",34.40917,-120.2261,2018,4,28,"4.28",12.2486400604248,"34.40917_-120.2261"
"761",34.40917,-120.2261,2018,4,29,"4.29",11.8450603485107,"34.40917_-120.2261"
"762",34.40917,-120.2261,2018,4,30,"4.30",11.3536367416381,"34.40917_-120.2261"
"763",34.40917,-120.2261,2018,5,1,"5.1",12.1048498153686,"34.40917_-120.2261"
"764",34.40917,-120.2261,2018,5,2,"5.2",12.2954120635986,"34.40917_-120.2261"
"765",34.40917,-120.2261,2018,5,3,"5.3",12.8502607345581,"34.40917_-120.2261"
"766",34.40917,-120.2261,2018,5,4,"5.4",13.5711517333984,"34.40917_-120.2261"
"767",34.40917,-120.2261,2018,5,5,"5.5",14.1947212219238,"34.40917_-120.2261"
"768",34.40917,-120.2261,2018,5,6,"5.6",14.2257308959961,"34.40917_-120.2261"
"769",34.40917,-120.2261,2018,5,7,"5.7",13.8639984130859,"34.40917_-120.2261"
"770",34.40917,-120.2261,2018,5,8,"5.8",13.9969396591186,"34.40917_-120.2261"
"771",34.40917,-120.2261,2018,5,9,"5.9",14.4777965545654,"34.40917_-120.2261"
"772",34.40917,-120.2261,2018,5,10,"5.10",13.6505327224731,"34.40917_-120.2261"
"773",34.40917,-120.2261,2018,5,11,"5.11",12.5839395523071,"34.40917_-120.2261"
"774",34.40917,-120.2261,2018,5,12,"5.12",13.2719860076904,"34.40917_-120.2261"
"775",34.40917,-120.2261,2018,5,13,"5.13",14.4273090362549,"34.40917_-120.2261"
"776",34.40917,-120.2261,2018,5,14,"5.14",14.5756158828735,"34.40917_-120.2261"
"777",34.40917,-120.2261,2018,5,15,"5.15",14.0342359542846,"34.40917_-120.2261"
"778",34.40917,-120.2261,2018,5,16,"5.16",13.1941690444946,"34.40917_-120.2261"
"779",34.40917,-120.2261,2018,5,17,"5.17",12.9959678649902,"34.40917_-120.2261"
"780",34.40917,-120.2261,2018,5,18,"5.18",13.8944091796874,"34.40917_-120.2261"
"781",34.40917,-120.2261,2018,5,19,"5.19",13.3388986587524,"34.40917_-120.2261"
"782",34.40917,-120.2261,2018,5,20,"5.20",12.8857908248901,"34.40917_-120.2261"
"783",34.40917,-120.2261,2018,5,21,"5.21",14.3855981826782,"34.40917_-120.2261"
"784",34.40917,-120.2261,2018,5,22,"5.22",14.5185251235962,"34.40917_-120.2261"
"785",34.40917,-120.2261,2018,5,23,"5.23",13.7102241516113,"34.40917_-120.2261"
"786",34.40917,-120.2261,2018,5,24,"5.24",14.1645536422729,"34.40917_-120.2261"
"787",34.40917,-120.2261,2018,5,25,"5.25",13.6291198730468,"34.40917_-120.2261"
"788",34.40917,-120.2261,2018,5,26,"5.26",13.2686882019043,"34.40917_-120.2261"
"789",34.40917,-120.2261,2018,5,27,"5.27",12.8893156051636,"34.40917_-120.2261"
"790",34.40917,-120.2261,2018,5,28,"5.28",13.4602813720703,"34.40917_-120.2261"
"791",34.40917,-120.2261,2018,5,29,"5.29",13.6506690979003,"34.40917_-120.2261"
"792",34.40917,-120.2261,2018,5,30,"5.30",14.0028820037841,"34.40917_-120.2261"
"793",34.40917,-120.2261,2018,5,31,"5.31",13.4952001571655,"34.40917_-120.2261"
"794",34.40917,-120.2261,2018,6,1,"6.1",13.3440675735473,"34.40917_-120.2261"
"795",34.40917,-120.2261,2018,6,2,"6.2",13.3053922653198,"34.40917_-120.2261"
"796",34.40917,-120.2261,2018,6,3,"6.3",13.9472885131836,"34.40917_-120.2261"
"797",34.40917,-120.2261,2018,6,4,"6.4",14.2987241744994,"34.40917_-120.2261"
"798",34.40917,-120.2261,2018,6,5,"6.5",13.8332595825195,"34.40917_-120.2261"
"799",34.40917,-120.2261,2018,6,6,"6.6",14.6253633499145,"34.40917_-120.2261"
"800",34.40917,-120.2261,2018,6,7,"6.7",14.9803571701049,"34.40917_-120.2261"
"801",34.40917,-120.2261,2018,6,8,"6.8",14.5751476287841,"34.40917_-120.2261"
"802",34.40917,-120.2261,2018,6,9,"6.9",14.7606172561645,"34.40917_-120.2261"
"803",34.40917,-120.2261,2018,6,10,"6.10",13.9167175292968,"34.40917_-120.2261"
"804",34.40917,-120.2261,2018,6,11,"6.11",13.6202182769775,"34.40917_-120.2261"
"805",34.40917,-120.2261,2018,6,12,"6.12",14.4313812255859,"34.40917_-120.2261"
"806",34.40917,-120.2261,2018,6,13,"6.13",15.105878829956,"34.40917_-120.2261"
"807",34.40917,-120.2261,2018,6,14,"6.14",14.5100622177124,"34.40917_-120.2261"
"808",34.40917,-120.2261,2018,6,15,"6.15",14.8265914916992,"34.40917_-120.2261"
"809",34.40917,-120.2261,2018,6,16,"6.16",13.7683734893798,"34.40917_-120.2261"
"810",34.40917,-120.2261,2018,6,17,"6.17",13.3687829971313,"34.40917_-120.2261"
"811",34.40917,-120.2261,2018,6,18,"6.18",13.7377996444702,"34.40917_-120.2261"
"812",34.40917,-120.2261,2018,6,19,"6.19",14.4156894683837,"34.40917_-120.2261"
"813",34.40917,-120.2261,2018,6,20,"6.20",15.4454374313354,"34.40917_-120.2261"
"814",34.40917,-120.2261,2018,6,21,"6.21",15.7421588897705,"34.40917_-120.2261"
"815",34.40917,-120.2261,2018,6,22,"6.22",16.0829982757568,"34.40917_-120.2261"
"816",34.40917,-120.2261,2018,6,23,"6.23",18.06174659729,"34.40917_-120.2261"
"817",34.40917,-120.2261,2018,6,24,"6.24",18.2650146484374,"34.40917_-120.2261"
"818",34.40917,-120.2261,2018,6,25,"6.25",18.8127079010009,"34.40917_-120.2261"
"819",34.40917,-120.2261,2018,6,26,"6.26",17.5565814971924,"34.40917_-120.2261"
"820",34.40917,-120.2261,2018,6,27,"6.27",17.92232131958,"34.40917_-120.2261"
"821",34.40917,-120.2261,2018,6,28,"6.28",16.6260681152343,"34.40917_-120.2261"
"822",34.40917,-120.2261,2018,6,29,"6.29",16.7726898193359,"34.40917_-120.2261"
"823",34.40917,-120.2261,2018,6,30,"6.30",16.9549522399902,"34.40917_-120.2261"
"824",34.40917,-120.2261,2018,7,1,"7.1",16.4364147186279,"34.40917_-120.2261"
"825",34.40917,-120.2261,2018,7,2,"7.2",15.3152275085449,"34.40917_-120.2261"
"826",34.40917,-120.2261,2018,7,3,"7.3",14.9104099273681,"34.40917_-120.2261"
"827",34.40917,-120.2261,2018,7,4,"7.4",15.2039365768432,"34.40917_-120.2261"
"828",34.40917,-120.2261,2018,7,5,"7.5",15.6786661148071,"34.40917_-120.2261"
"829",34.40917,-120.2261,2018,7,6,"7.6",16.7033710479736,"34.40917_-120.2261"
"830",34.40917,-120.2261,2018,7,7,"7.7",17.2534198760986,"34.40917_-120.2261"
"831",34.40917,-120.2261,2018,7,8,"7.8",16.5320281982421,"34.40917_-120.2261"
"832",34.40917,-120.2261,2018,7,9,"7.9",17.453218460083,"34.40917_-120.2261"
"833",34.40917,-120.2261,2018,7,10,"7.10",17.6927757263183,"34.40917_-120.2261"
"834",34.40917,-120.2261,2018,7,11,"7.11",17.4745979309081,"34.40917_-120.2261"
"835",34.40917,-120.2261,2018,7,12,"7.12",16.646255493164,"34.40917_-120.2261"
"836",34.40917,-120.2261,2018,7,13,"7.13",17.0207996368408,"34.40917_-120.2261"
"837",34.40917,-120.2261,2018,7,14,"7.14",16.9990806579589,"34.40917_-120.2261"
"838",34.40917,-120.2261,2018,7,15,"7.15",16.3842105865478,"34.40917_-120.2261"
"839",34.40917,-120.2261,2018,7,23,"7.23",16.0553150177001,"34.40917_-120.2261"
"840",34.40917,-120.2261,2018,7,24,"7.24",17.0455017089843,"34.40917_-120.2261"
"841",34.40917,-120.2261,2018,7,25,"7.25",15.9030447006225,"34.40917_-120.2261"
"842",34.40917,-120.2261,2018,7,26,"7.26",16.6630306243896,"34.40917_-120.2261"
"843",34.40917,-120.2261,2018,7,27,"7.27",17.2492084503173,"34.40917_-120.2261"
"844",34.40917,-120.2261,2018,7,28,"7.28",17.3776569366454,"34.40917_-120.2261"
"845",34.40917,-120.2261,2018,7,29,"7.29",17.5189990997314,"34.40917_-120.2261"
"846",34.40917,-120.2261,2018,7,30,"7.30",16.9942398071289,"34.40917_-120.2261"
"847",34.40917,-120.2261,2018,7,31,"7.31",17.3553352355957,"34.40917_-120.2261"
